empresa,ano,pos,beneficiaria,setor,porte,faturamento_mi,lucro_real,pd
E0001,2022,0,0,Servicos,Micro,1.35,0,203.8
E0001,2025,1,0,Servicos,Micro,1.35,0,101.4
E0002,2022,0,0,Agroindustria,Pequena,10.26,0,562.2
E0002,2025,1,0,Agroindustria,Pequena,10.26,0,705.6
E0003,2022,0,1,Servicos,Media,89.36,0,1373.7
E0003,2025,1,1,Servicos,Media,89.36,0,1947.3
E0004,2022,0,0,Comercio,Micro,0.87,0,479.8
E0004,2025,1,0,Comercio,Micro,0.87,0,702.3
E0005,2022,0,1,Servicos,Micro,0.88,0,398.0
E0005,2025,1,1,Servicos,Micro,0.88,0,602.4
E0006,2022,0,0,Agroindustria,Micro,3.8,0,526.1
E0006,2025,1,0,Agroindustria,Micro,3.8,0,746.4
E0007,2022,0,0,Agroindustria,Micro,4.67,1,715.0
E0007,2025,1,0,Agroindustria,Micro,4.67,1,738.7
E0008,2022,0,0,Comercio,Pequena,7.61,0,414.9
E0008,2025,1,0,Comercio,Pequena,7.61,0,723.8
E0009,2022,0,1,Industria,Media,18.84,1,696.1
E0009,2025,1,1,Industria,Media,18.84,1,1045.3
E0010,2022,0,0,Agropecuaria,Pequena,9.83,0,652.8
E0010,2025,1,0,Agropecuaria,Pequena,9.83,0,776.8
E0011,2022,0,1,Servicos,Pequena,15.07,0,729.6
E0011,2025,1,1,Servicos,Pequena,15.07,0,1362.4
E0012,2022,0,1,Comercio,Micro,2.43,0,574.6
E0012,2025,1,1,Comercio,Micro,2.43,0,744.5
E0013,2022,0,1,Agroindustria,Pequena,12.34,0,692.0
E0013,2025,1,1,Agroindustria,Pequena,12.34,0,943.2
E0014,2022,0,0,Agropecuaria,Pequena,12.12,0,489.4
E0014,2025,1,0,Agropecuaria,Pequena,12.12,0,596.9
E0015,2022,0,0,Industria,Pequena,8.03,0,559.0
E0015,2025,1,0,Industria,Pequena,8.03,0,959.1
E0016,2022,0,0,Servicos,Pequena,8.14,0,602.3
E0016,2025,1,0,Servicos,Pequena,8.14,0,752.6
E0017,2022,0,1,Industria,Media,26.11,0,929.1
E0017,2025,1,1,Industria,Media,26.11,0,1291.7
E0018,2022,0,0,Servicos,Micro,1.78,1,277.4
E0018,2025,1,0,Servicos,Micro,1.78,1,539.8
E0019,2022,0,1,Servicos,Pequena,5.11,0,859.0
E0019,2025,1,1,Servicos,Pequena,5.11,0,1087.3
E0020,2022,0,0,Comercio,Micro,2.73,0,588.0
E0020,2025,1,0,Comercio,Micro,2.73,0,600.1
E0021,2022,0,0,Servicos,Media,65.42,0,1106.6
E0021,2025,1,0,Servicos,Media,65.42,0,1126.4
E0022,2022,0,1,Industria,Media,78.5,1,952.0
E0022,2025,1,1,Industria,Media,78.5,1,1264.8
E0023,2022,0,0,Comercio,Pequena,14.11,0,321.2
E0023,2025,1,0,Comercio,Pequena,14.11,0,379.0
E0024,2022,0,1,Servicos,Media,63.45,1,817.4
E0024,2025,1,1,Servicos,Media,63.45,1,1167.5
E0025,2022,0,0,Industria,Pequena,9.75,0,598.9
E0025,2025,1,0,Industria,Pequena,9.75,0,1009.5
E0026,2022,0,1,Servicos,Media,65.06,1,848.1
E0026,2025,1,1,Servicos,Media,65.06,1,1174.0
E0027,2022,0,0,Comercio,Micro,2.1,0,622.8
E0027,2025,1,0,Comercio,Micro,2.1,0,705.9
E0028,2022,0,0,Agroindustria,Micro,0.97,0,242.8
E0028,2025,1,0,Agroindustria,Micro,0.97,0,435.0
E0029,2022,0,0,Agroindustria,Media,30.87,0,684.9
E0029,2025,1,0,Agroindustria,Media,30.87,0,791.6
E0030,2022,0,0,Agropecuaria,Pequena,6.66,0,683.7
E0030,2025,1,0,Agropecuaria,Pequena,6.66,0,848.0
E0031,2022,0,0,Agropecuaria,Micro,2.26,0,364.0
E0031,2025,1,0,Agropecuaria,Micro,2.26,0,619.5
E0032,2022,0,0,Industria,Pequena,8.28,1,553.1
E0032,2025,1,0,Industria,Pequena,8.28,1,636.4
E0033,2022,0,0,Servicos,Pequena,13.34,1,590.0
E0033,2025,1,0,Servicos,Pequena,13.34,1,568.1
E0034,2022,0,0,Agropecuaria,Pequena,12.94,1,678.0
E0034,2025,1,0,Agropecuaria,Pequena,12.94,1,1100.6
E0035,2022,0,0,Industria,Pequena,11.11,0,479.4
E0035,2025,1,0,Industria,Pequena,11.11,0,698.7
E0036,2022,0,1,Agroindustria,Media,75.38,0,913.8
E0036,2025,1,1,Agroindustria,Media,75.38,0,1311.7
E0037,2022,0,0,Agroindustria,Micro,3.98,0,519.1
E0037,2025,1,0,Agroindustria,Micro,3.98,0,779.8
E0038,2022,0,1,Industria,Media,24.94,1,781.0
E0038,2025,1,1,Industria,Media,24.94,1,1007.6
E0039,2022,0,1,Servicos,Media,64.53,1,895.4
E0039,2025,1,1,Servicos,Media,64.53,1,939.0
E0040,2022,0,0,Agropecuaria,Pequena,14.61,0,683.6
E0040,2025,1,0,Agropecuaria,Pequena,14.61,0,777.2
E0041,2022,0,0,Agropecuaria,Micro,2.13,0,359.9
E0041,2025,1,0,Agropecuaria,Micro,2.13,0,537.2
E0042,2022,0,0,Agroindustria,Micro,2.86,0,333.7
E0042,2025,1,0,Agroindustria,Micro,2.86,0,490.0
E0043,2022,0,0,Agropecuaria,Pequena,8.65,0,611.8
E0043,2025,1,0,Agropecuaria,Pequena,8.65,0,708.4
E0044,2022,0,1,Agropecuaria,Pequena,13.74,0,827.5
E0044,2025,1,1,Agropecuaria,Pequena,13.74,0,1214.5
E0045,2022,0,0,Servicos,Micro,0.6,0,600.7
E0045,2025,1,0,Servicos,Micro,0.6,0,762.5
E0046,2022,0,1,Comercio,Media,38.52,1,1127.5
E0046,2025,1,1,Comercio,Media,38.52,1,1406.1
E0047,2022,0,1,Agropecuaria,Media,81.55,1,914.2
E0047,2025,1,1,Agropecuaria,Media,81.55,1,1110.6
E0048,2022,0,1,Servicos,Media,49.93,1,1256.7
E0048,2025,1,1,Servicos,Media,49.93,1,1555.6
E0049,2022,0,0,Industria,Pequena,13.31,0,602.6
E0049,2025,1,0,Industria,Pequena,13.31,0,803.8
E0050,2022,0,1,Comercio,Media,61.78,1,606.3
E0050,2025,1,1,Comercio,Media,61.78,1,929.7
E0051,2022,0,1,Comercio,Media,46.36,1,950.9
E0051,2025,1,1,Comercio,Media,46.36,1,1272.6
E0052,2022,0,0,Servicos,Pequena,5.53,0,516.9
E0052,2025,1,0,Servicos,Pequena,5.53,0,516.6
E0053,2022,0,1,Agroindustria,Micro,3.72,1,291.1
E0053,2025,1,1,Agroindustria,Micro,3.72,1,439.7
E0054,2022,0,0,Servicos,Pequena,5.83,0,523.5
E0054,2025,1,0,Servicos,Pequena,5.83,0,603.2
E0055,2022,0,0,Agroindustria,Micro,3.37,0,368.4
E0055,2025,1,0,Agroindustria,Micro,3.37,0,411.3
E0056,2022,0,1,Agroindustria,Media,24.84,0,1020.4
E0056,2025,1,1,Agroindustria,Media,24.84,0,1516.9
E0057,2022,0,1,Comercio,Pequena,8.32,1,547.2
E0057,2025,1,1,Comercio,Pequena,8.32,1,627.8
E0058,2022,0,1,Servicos,Media,20.63,1,986.0
E0058,2025,1,1,Servicos,Media,20.63,1,1312.6
E0059,2022,0,0,Comercio,Pequena,14.13,0,632.8
E0059,2025,1,0,Comercio,Pequena,14.13,0,699.9
E0060,2022,0,0,Agropecuaria,Pequena,11.93,0,809.5
E0060,2025,1,0,Agropecuaria,Pequena,11.93,0,1117.7
E0061,2022,0,0,Industria,Micro,4.7,0,640.1
E0061,2025,1,0,Industria,Micro,4.7,0,847.8
E0062,2022,0,0,Servicos,Media,56.07,1,709.3
E0062,2025,1,0,Servicos,Media,56.07,1,1031.8
E0063,2022,0,1,Servicos,Media,65.23,1,712.6
E0063,2025,1,1,Servicos,Media,65.23,1,931.7
E0064,2022,0,0,Agroindustria,Pequena,9.56,0,779.6
E0064,2025,1,0,Agroindustria,Pequena,9.56,0,776.3
E0065,2022,0,1,Industria,Pequena,8.71,0,445.9
E0065,2025,1,1,Industria,Pequena,8.71,0,771.8
E0066,2022,0,0,Agropecuaria,Media,29.7,1,660.6
E0066,2025,1,0,Agropecuaria,Media,29.7,1,771.7
E0067,2022,0,1,Agropecuaria,Media,39.15,1,1062.3
E0067,2025,1,1,Agropecuaria,Media,39.15,1,1154.8
E0068,2022,0,0,Servicos,Pequena,15.7,0,463.7
E0068,2025,1,0,Servicos,Pequena,15.7,0,550.2
E0069,2022,0,0,Agropecuaria,Micro,1.49,0,368.7
E0069,2025,1,0,Agropecuaria,Micro,1.49,0,547.0
E0070,2022,0,1,Servicos,Media,56.78,1,1002.1
E0070,2025,1,1,Servicos,Media,56.78,1,1320.3
E0071,2022,0,0,Agropecuaria,Micro,3.59,0,567.5
E0071,2025,1,0,Agropecuaria,Micro,3.59,0,904.9
E0072,2022,0,0,Agropecuaria,Pequena,12.09,1,444.5
E0072,2025,1,0,Agropecuaria,Pequena,12.09,1,979.6
E0073,2022,0,1,Comercio,Pequena,12.85,1,835.3
E0073,2025,1,1,Comercio,Pequena,12.85,1,1002.1
E0074,2022,0,0,Comercio,Micro,3.32,0,444.9
E0074,2025,1,0,Comercio,Micro,3.32,0,743.3
E0075,2022,0,0,Agroindustria,Media,43.72,1,427.6
E0075,2025,1,0,Agroindustria,Media,43.72,1,540.0
E0076,2022,0,1,Comercio,Media,58.39,1,697.5
E0076,2025,1,1,Comercio,Media,58.39,1,937.4
E0077,2022,0,0,Agropecuaria,Pequena,11.03,1,509.7
E0077,2025,1,0,Agropecuaria,Pequena,11.03,1,859.1
E0078,2022,0,0,Agropecuaria,Media,58.19,0,696.6
E0078,2025,1,0,Agropecuaria,Media,58.19,0,1130.0
E0079,2022,0,0,Industria,Micro,0.71,0,369.8
E0079,2025,1,0,Industria,Micro,0.71,0,542.7
E0080,2022,0,0,Servicos,Micro,0.98,0,507.0
E0080,2025,1,0,Servicos,Micro,0.98,0,492.0
E0081,2022,0,0,Comercio,Media,74.14,0,554.8
E0081,2025,1,0,Comercio,Media,74.14,0,686.1
E0082,2022,0,0,Servicos,Micro,1.35,0,197.2
E0082,2025,1,0,Servicos,Micro,1.35,0,337.3
E0083,2022,0,0,Industria,Pequena,8.02,0,733.4
E0083,2025,1,0,Industria,Pequena,8.02,0,764.8
E0084,2022,0,1,Industria,Media,50.77,0,1235.1
E0084,2025,1,1,Industria,Media,50.77,0,1436.5
E0085,2022,0,0,Agropecuaria,Media,41.08,1,651.6
E0085,2025,1,0,Agropecuaria,Media,41.08,1,831.5
E0086,2022,0,1,Servicos,Media,42.58,1,1327.0
E0086,2025,1,1,Servicos,Media,42.58,1,1740.4
E0087,2022,0,1,Servicos,Micro,2.09,0,510.4
E0087,2025,1,1,Servicos,Micro,2.09,0,777.9
E0088,2022,0,0,Comercio,Pequena,12.45,0,580.2
E0088,2025,1,0,Comercio,Pequena,12.45,0,896.4
E0089,2022,0,1,Servicos,Pequena,5.05,1,478.9
E0089,2025,1,1,Servicos,Pequena,5.05,1,874.1
E0090,2022,0,0,Industria,Pequena,9.25,0,347.5
E0090,2025,1,0,Industria,Pequena,9.25,0,696.3
E0091,2022,0,0,Agropecuaria,Media,42.41,0,869.3
E0091,2025,1,0,Agropecuaria,Media,42.41,0,1074.5
E0092,2022,0,0,Agroindustria,Media,48.29,0,799.8
E0092,2025,1,0,Agroindustria,Media,48.29,0,1019.3
E0093,2022,0,0,Agroindustria,Pequena,11.78,0,382.2
E0093,2025,1,0,Agroindustria,Pequena,11.78,0,634.8
E0094,2022,0,1,Servicos,Pequena,9.59,0,645.1
E0094,2025,1,1,Servicos,Pequena,9.59,0,934.0
E0095,2022,0,0,Comercio,Pequena,6.26,0,308.7
E0095,2025,1,0,Comercio,Pequena,6.26,0,421.2
E0096,2022,0,0,Comercio,Pequena,10.22,0,552.0
E0096,2025,1,0,Comercio,Pequena,10.22,0,920.0
E0097,2022,0,0,Industria,Pequena,7.63,0,901.3
E0097,2025,1,0,Industria,Pequena,7.63,0,1013.6
E0098,2022,0,0,Agroindustria,Pequena,5.75,0,418.0
E0098,2025,1,0,Agroindustria,Pequena,5.75,0,508.5
E0099,2022,0,1,Servicos,Media,70.26,1,1066.9
E0099,2025,1,1,Servicos,Media,70.26,1,1336.3
E0100,2022,0,0,Agropecuaria,Pequena,9.43,0,899.5
E0100,2025,1,0,Agropecuaria,Pequena,9.43,0,1042.0
E0101,2022,0,0,Agroindustria,Pequena,12.64,0,589.7
E0101,2025,1,0,Agroindustria,Pequena,12.64,0,714.0
E0102,2022,0,1,Comercio,Pequena,11.96,0,737.3
E0102,2025,1,1,Comercio,Pequena,11.96,0,945.3
E0103,2022,0,1,Comercio,Media,73.4,1,1208.0
E0103,2025,1,1,Comercio,Media,73.4,1,1551.0
E0104,2022,0,0,Industria,Pequena,12.04,1,481.6
E0104,2025,1,0,Industria,Pequena,12.04,1,793.0
E0105,2022,0,0,Industria,Pequena,14.33,0,667.3
E0105,2025,1,0,Industria,Pequena,14.33,0,885.4
E0106,2022,0,0,Agroindustria,Micro,3.81,0,373.5
E0106,2025,1,0,Agroindustria,Micro,3.81,0,754.5
E0107,2022,0,0,Agroindustria,Micro,2.47,0,263.8
E0107,2025,1,0,Agroindustria,Micro,2.47,0,353.4
E0108,2022,0,1,Comercio,Media,87.34,1,966.3
E0108,2025,1,1,Comercio,Media,87.34,1,1340.2
E0109,2022,0,0,Agroindustria,Pequena,12.39,0,752.4
E0109,2025,1,0,Agroindustria,Pequena,12.39,0,925.5
E0110,2022,0,0,Comercio,Pequena,11.53,0,512.4
E0110,2025,1,0,Comercio,Pequena,11.53,0,512.8
E0111,2022,0,0,Agroindustria,Pequena,13.4,0,730.5
E0111,2025,1,0,Agroindustria,Pequena,13.4,0,883.2
E0112,2022,0,0,Agropecuaria,Micro,1.34,0,416.8
E0112,2025,1,0,Agropecuaria,Micro,1.34,0,803.9
E0113,2022,0,0,Agropecuaria,Pequena,15.1,1,410.4
E0113,2025,1,0,Agropecuaria,Pequena,15.1,1,752.5
E0114,2022,0,1,Industria,Pequena,6.93,1,582.7
E0114,2025,1,1,Industria,Pequena,6.93,1,1056.5
E0115,2022,0,1,Comercio,Media,60.21,1,808.2
E0115,2025,1,1,Comercio,Media,60.21,1,983.6
E0116,2022,0,0,Servicos,Pequena,12.91,0,356.3
E0116,2025,1,0,Servicos,Pequena,12.91,0,862.3
E0117,2022,0,1,Agroindustria,Media,16.91,1,1033.3
E0117,2025,1,1,Agroindustria,Media,16.91,1,1250.0
E0118,2022,0,0,Agropecuaria,Micro,2.69,0,400.9
E0118,2025,1,0,Agropecuaria,Micro,2.69,0,412.1
E0119,2022,0,0,Comercio,Media,29.87,0,653.7
E0119,2025,1,0,Comercio,Media,29.87,0,790.7
E0120,2022,0,1,Comercio,Media,61.43,1,985.1
E0120,2025,1,1,Comercio,Media,61.43,1,1361.8
E0121,2022,0,0,Agroindustria,Media,65.66,1,733.7
E0121,2025,1,0,Agroindustria,Media,65.66,1,1012.1
E0122,2022,0,1,Industria,Media,77.31,1,734.3
E0122,2025,1,1,Industria,Media,77.31,1,1041.2
E0123,2022,0,1,Comercio,Media,54.85,1,1138.4
E0123,2025,1,1,Comercio,Media,54.85,1,1359.5
E0124,2022,0,1,Servicos,Pequena,14.03,1,436.9
E0124,2025,1,1,Servicos,Pequena,14.03,1,703.7
E0125,2022,0,1,Comercio,Media,58.05,1,1119.9
E0125,2025,1,1,Comercio,Media,58.05,1,1611.6
E0126,2022,0,1,Agropecuaria,Pequena,9.49,0,297.5
E0126,2025,1,1,Agropecuaria,Pequena,9.49,0,789.0
E0127,2022,0,0,Industria,Micro,4.39,1,522.8
E0127,2025,1,0,Industria,Micro,4.39,1,782.8
E0128,2022,0,0,Agropecuaria,Pequena,15.13,0,437.8
E0128,2025,1,0,Agropecuaria,Pequena,15.13,0,588.8
E0129,2022,0,1,Agropecuaria,Media,56.81,0,1018.3
E0129,2025,1,1,Agropecuaria,Media,56.81,0,1242.9
E0130,2022,0,1,Industria,Media,82.85,1,1077.4
E0130,2025,1,1,Industria,Media,82.85,1,1596.3
E0131,2022,0,0,Servicos,Micro,4.21,0,571.0
E0131,2025,1,0,Servicos,Micro,4.21,0,717.5
E0132,2022,0,1,Comercio,Pequena,6.09,0,782.1
E0132,2025,1,1,Comercio,Pequena,6.09,0,1182.6
E0133,2022,0,0,Comercio,Micro,1.85,0,611.8
E0133,2025,1,0,Comercio,Micro,1.85,0,786.1
E0134,2022,0,0,Agroindustria,Micro,0.42,0,676.3
E0134,2025,1,0,Agroindustria,Micro,0.42,0,1082.6
E0135,2022,0,0,Comercio,Pequena,12.36,0,918.0
E0135,2025,1,0,Comercio,Pequena,12.36,0,1135.4
E0136,2022,0,1,Comercio,Pequena,15.34,1,338.4
E0136,2025,1,1,Comercio,Pequena,15.34,1,547.4
E0137,2022,0,0,Comercio,Micro,1.17,0,296.6
E0137,2025,1,0,Comercio,Micro,1.17,0,382.4
E0138,2022,0,1,Industria,Pequena,9.46,1,627.0
E0138,2025,1,1,Industria,Pequena,9.46,1,1034.8
E0139,2022,0,0,Comercio,Pequena,11.17,0,590.3
E0139,2025,1,0,Comercio,Pequena,11.17,0,931.7
E0140,2022,0,0,Agropecuaria,Micro,2.07,0,606.3
E0140,2025,1,0,Agropecuaria,Micro,2.07,0,809.7
E0141,2022,0,1,Comercio,Media,29.13,1,672.7
E0141,2025,1,1,Comercio,Media,29.13,1,975.6
E0142,2022,0,0,Comercio,Pequena,14.86,0,415.0
E0142,2025,1,0,Comercio,Pequena,14.86,0,583.0
E0143,2022,0,1,Agroindustria,Micro,0.95,0,434.6
E0143,2025,1,1,Agroindustria,Micro,0.95,0,799.2
E0144,2022,0,1,Agropecuaria,Media,26.67,0,1248.9
E0144,2025,1,1,Agropecuaria,Media,26.67,0,1466.9
E0145,2022,0,0,Agroindustria,Pequena,9.15,0,250.8
E0145,2025,1,0,Agroindustria,Pequena,9.15,0,350.2
E0146,2022,0,0,Industria,Micro,1.23,0,443.1
E0146,2025,1,0,Industria,Micro,1.23,0,437.9
E0147,2022,0,1,Servicos,Pequena,8.29,0,692.6
E0147,2025,1,1,Servicos,Pequena,8.29,0,1139.1
E0148,2022,0,1,Agropecuaria,Pequena,7.11,1,695.0
E0148,2025,1,1,Agropecuaria,Pequena,7.11,1,986.1
E0149,2022,0,0,Agropecuaria,Media,48.75,1,543.2
E0149,2025,1,0,Agropecuaria,Media,48.75,1,612.6
E0150,2022,0,0,Industria,Pequena,14.88,0,629.1
E0150,2025,1,0,Industria,Pequena,14.88,0,905.7
E0151,2022,0,0,Comercio,Micro,4.27,0,33.1
E0151,2025,1,0,Comercio,Micro,4.27,0,267.7
E0152,2022,0,0,Servicos,Media,36.59,0,1067.3
E0152,2025,1,0,Servicos,Media,36.59,0,1204.5
E0153,2022,0,1,Agroindustria,Micro,2.94,0,533.9
E0153,2025,1,1,Agroindustria,Micro,2.94,0,1067.6
E0154,2022,0,0,Agropecuaria,Pequena,7.04,0,641.2
E0154,2025,1,0,Agropecuaria,Pequena,7.04,0,844.4
E0155,2022,0,0,Comercio,Media,85.62,0,1089.3
E0155,2025,1,0,Comercio,Media,85.62,0,1197.7
E0156,2022,0,1,Comercio,Media,65.94,1,749.4
E0156,2025,1,1,Comercio,Media,65.94,1,1250.6
E0157,2022,0,0,Comercio,Pequena,11.8,0,542.1
E0157,2025,1,0,Comercio,Pequena,11.8,0,579.2
E0158,2022,0,1,Agropecuaria,Media,55.0,1,1156.0
E0158,2025,1,1,Agropecuaria,Media,55.0,1,1512.1
E0159,2022,0,0,Industria,Pequena,14.12,1,694.3
E0159,2025,1,0,Industria,Pequena,14.12,1,704.3
E0160,2022,0,1,Industria,Media,20.38,1,878.7
E0160,2025,1,1,Industria,Media,20.38,1,1157.2
E0161,2022,0,0,Comercio,Pequena,5.99,0,517.3
E0161,2025,1,0,Comercio,Pequena,5.99,0,763.4
E0162,2022,0,0,Servicos,Pequena,13.35,1,467.9
E0162,2025,1,0,Servicos,Pequena,13.35,1,658.3
E0163,2022,0,0,Agropecuaria,Pequena,8.69,1,414.8
E0163,2025,1,0,Agropecuaria,Pequena,8.69,1,689.1
E0164,2022,0,1,Industria,Media,46.23,1,1082.0
E0164,2025,1,1,Industria,Media,46.23,1,1337.6
E0165,2022,0,0,Agropecuaria,Micro,3.35,0,473.6
E0165,2025,1,0,Agropecuaria,Micro,3.35,0,634.1
E0166,2022,0,1,Agropecuaria,Pequena,13.76,1,764.5
E0166,2025,1,1,Agropecuaria,Pequena,13.76,1,943.1
E0167,2022,0,0,Comercio,Pequena,6.17,0,535.4
E0167,2025,1,0,Comercio,Pequena,6.17,0,651.5
E0168,2022,0,0,Agroindustria,Micro,1.12,0,625.2
E0168,2025,1,0,Agroindustria,Micro,1.12,0,811.9
E0169,2022,0,0,Industria,Micro,1.19,0,387.8
E0169,2025,1,0,Industria,Micro,1.19,0,583.9
E0170,2022,0,0,Industria,Pequena,5.25,0,679.7
E0170,2025,1,0,Industria,Pequena,5.25,0,859.4
E0171,2022,0,1,Servicos,Pequena,14.31,1,684.4
E0171,2025,1,1,Servicos,Pequena,14.31,1,901.1
E0172,2022,0,0,Comercio,Micro,3.71,0,434.9
E0172,2025,1,0,Comercio,Micro,3.71,0,681.6
E0173,2022,0,0,Industria,Pequena,10.13,0,488.7
E0173,2025,1,0,Industria,Pequena,10.13,0,676.8
E0174,2022,0,0,Comercio,Micro,1.15,0,592.7
E0174,2025,1,0,Comercio,Micro,1.15,0,674.2
E0175,2022,0,0,Agroindustria,Pequena,13.34,0,630.7
E0175,2025,1,0,Agroindustria,Pequena,13.34,0,877.5
E0176,2022,0,0,Servicos,Pequena,9.02,0,426.2
E0176,2025,1,0,Servicos,Pequena,9.02,0,797.3
E0177,2022,0,0,Comercio,Pequena,6.13,0,936.5
E0177,2025,1,0,Comercio,Pequena,6.13,0,934.6
E0178,2022,0,0,Comercio,Micro,2.43,0,595.9
E0178,2025,1,0,Comercio,Micro,2.43,0,637.6
E0179,2022,0,0,Agroindustria,Pequena,5.23,0,454.7
E0179,2025,1,0,Agroindustria,Pequena,5.23,0,459.6
E0180,2022,0,1,Comercio,Media,77.43,1,1067.8
E0180,2025,1,1,Comercio,Media,77.43,1,1380.8
E0181,2022,0,0,Industria,Micro,3.21,0,753.6
E0181,2025,1,0,Industria,Micro,3.21,0,776.0
E0182,2022,0,1,Industria,Pequena,10.8,0,521.9
E0182,2025,1,1,Industria,Pequena,10.8,0,564.3
E0183,2022,0,0,Agroindustria,Micro,2.55,0,454.0
E0183,2025,1,0,Agroindustria,Micro,2.55,0,759.6
E0184,2022,0,0,Comercio,Micro,3.23,0,600.9
E0184,2025,1,0,Comercio,Micro,3.23,0,846.4
E0185,2022,0,0,Servicos,Pequena,6.07,0,361.2
E0185,2025,1,0,Servicos,Pequena,6.07,0,758.1
E0186,2022,0,0,Agropecuaria,Media,84.22,1,445.6
E0186,2025,1,0,Agropecuaria,Media,84.22,1,691.4
E0187,2022,0,1,Comercio,Micro,3.87,0,434.4
E0187,2025,1,1,Comercio,Micro,3.87,0,578.9
E0188,2022,0,0,Comercio,Micro,2.58,1,119.6
E0188,2025,1,0,Comercio,Micro,2.58,1,400.9
E0189,2022,0,0,Servicos,Pequena,4.84,1,446.8
E0189,2025,1,0,Servicos,Pequena,4.84,1,479.4
E0190,2022,0,0,Servicos,Pequena,5.59,0,889.2
E0190,2025,1,0,Servicos,Pequena,5.59,0,1188.6
E0191,2022,0,0,Agropecuaria,Pequena,15.14,0,426.8
E0191,2025,1,0,Agropecuaria,Pequena,15.14,0,444.3
E0192,2022,0,0,Industria,Pequena,12.65,0,120.0
E0192,2025,1,0,Industria,Pequena,12.65,0,269.1
E0193,2022,0,1,Agroindustria,Media,41.62,1,992.3
E0193,2025,1,1,Agroindustria,Media,41.62,1,1076.7
E0194,2022,0,0,Servicos,Pequena,8.74,0,210.3
E0194,2025,1,0,Servicos,Pequena,8.74,0,390.5
E0195,2022,0,0,Agropecuaria,Media,34.56,0,744.5
E0195,2025,1,0,Agropecuaria,Media,34.56,0,1191.5
E0196,2022,0,1,Agroindustria,Pequena,12.62,0,892.1
E0196,2025,1,1,Agroindustria,Pequena,12.62,0,1275.5
E0197,2022,0,1,Industria,Media,16.25,0,1038.1
E0197,2025,1,1,Industria,Media,16.25,0,1403.1
E0198,2022,0,1,Industria,Pequena,13.64,1,655.2
E0198,2025,1,1,Industria,Pequena,13.64,1,882.1
E0199,2022,0,0,Agropecuaria,Media,29.38,1,725.0
E0199,2025,1,0,Agropecuaria,Media,29.38,1,909.8
E0200,2022,0,0,Agropecuaria,Pequena,8.45,1,481.1
E0200,2025,1,0,Agropecuaria,Pequena,8.45,1,673.0
E0201,2022,0,0,Servicos,Pequena,15.43,0,341.4
E0201,2025,1,0,Servicos,Pequena,15.43,0,567.6
E0202,2022,0,0,Agroindustria,Media,17.97,1,793.1
E0202,2025,1,0,Agroindustria,Media,17.97,1,1121.4
E0203,2022,0,0,Comercio,Micro,4.46,0,44.9
E0203,2025,1,0,Comercio,Micro,4.46,0,0.0
E0204,2022,0,0,Comercio,Pequena,7.64,0,715.4
E0204,2025,1,0,Comercio,Pequena,7.64,0,972.8
E0205,2022,0,0,Comercio,Pequena,10.96,0,645.3
E0205,2025,1,0,Comercio,Pequena,10.96,0,726.9
E0206,2022,0,0,Comercio,Micro,1.27,0,416.4
E0206,2025,1,0,Comercio,Micro,1.27,0,629.1
E0207,2022,0,1,Comercio,Pequena,6.51,0,565.1
E0207,2025,1,1,Comercio,Pequena,6.51,0,816.8
E0208,2022,0,0,Comercio,Pequena,11.16,0,537.0
E0208,2025,1,0,Comercio,Pequena,11.16,0,1015.4
E0209,2022,0,1,Comercio,Media,61.47,1,871.6
E0209,2025,1,1,Comercio,Media,61.47,1,1231.3
E0210,2022,0,1,Servicos,Media,26.88,1,1086.6
E0210,2025,1,1,Servicos,Media,26.88,1,1274.9
E0211,2022,0,0,Industria,Micro,3.49,0,513.3
E0211,2025,1,0,Industria,Micro,3.49,0,747.6
E0212,2022,0,0,Comercio,Pequena,9.21,0,480.2
E0212,2025,1,0,Comercio,Pequena,9.21,0,598.2
E0213,2022,0,0,Agropecuaria,Media,33.46,0,647.6
E0213,2025,1,0,Agropecuaria,Media,33.46,0,563.2
E0214,2022,0,0,Industria,Pequena,13.66,0,853.9
E0214,2025,1,0,Industria,Pequena,13.66,0,1111.5
E0215,2022,0,0,Servicos,Micro,1.94,0,470.5
E0215,2025,1,0,Servicos,Micro,1.94,0,728.8
E0216,2022,0,0,Servicos,Micro,2.2,0,107.0
E0216,2025,1,0,Servicos,Micro,2.2,0,322.2
E0217,2022,0,0,Agropecuaria,Pequena,10.67,0,708.7
E0217,2025,1,0,Agropecuaria,Pequena,10.67,0,765.9
E0218,2022,0,1,Servicos,Media,32.83,1,1030.6
E0218,2025,1,1,Servicos,Media,32.83,1,1364.4
E0219,2022,0,0,Agropecuaria,Micro,4.41,0,564.6
E0219,2025,1,0,Agropecuaria,Micro,4.41,0,853.2
E0220,2022,0,0,Agroindustria,Pequena,9.91,0,870.8
E0220,2025,1,0,Agroindustria,Pequena,9.91,0,1087.6
E0221,2022,0,0,Agropecuaria,Micro,2.66,0,405.4
E0221,2025,1,0,Agropecuaria,Micro,2.66,0,636.4
E0222,2022,0,1,Comercio,Media,34.81,0,1092.9
E0222,2025,1,1,Comercio,Media,34.81,0,1376.8
E0223,2022,0,1,Servicos,Media,43.5,1,658.9
E0223,2025,1,1,Servicos,Media,43.5,1,838.3
E0224,2022,0,1,Servicos,Pequena,13.51,0,430.4
E0224,2025,1,1,Servicos,Pequena,13.51,0,822.4
E0225,2022,0,1,Agroindustria,Media,23.77,0,1178.5
E0225,2025,1,1,Agroindustria,Media,23.77,0,1750.2
E0226,2022,0,1,Agroindustria,Media,62.84,1,964.4
E0226,2025,1,1,Agroindustria,Media,62.84,1,1077.5
E0227,2022,0,0,Servicos,Micro,2.72,0,157.2
E0227,2025,1,0,Servicos,Micro,2.72,0,454.3
E0228,2022,0,0,Comercio,Micro,1.72,0,297.4
E0228,2025,1,0,Comercio,Micro,1.72,0,576.8
E0229,2022,0,1,Comercio,Media,16.62,1,801.6
E0229,2025,1,1,Comercio,Media,16.62,1,1121.9
E0230,2022,0,1,Agroindustria,Micro,1.86,0,459.3
E0230,2025,1,1,Agroindustria,Micro,1.86,0,1057.3
E0231,2022,0,0,Comercio,Micro,4.15,0,40.5
E0231,2025,1,0,Comercio,Micro,4.15,0,282.6
E0232,2022,0,0,Comercio,Media,54.31,1,248.3
E0232,2025,1,0,Comercio,Media,54.31,1,562.1
E0233,2022,0,1,Agroindustria,Media,61.53,1,977.5
E0233,2025,1,1,Agroindustria,Media,61.53,1,1250.4
E0234,2022,0,1,Comercio,Media,75.95,1,1118.3
E0234,2025,1,1,Comercio,Media,75.95,1,1360.8
E0235,2022,0,0,Industria,Pequena,10.23,0,363.8
E0235,2025,1,0,Industria,Pequena,10.23,0,588.9
E0236,2022,0,0,Agropecuaria,Pequena,12.2,0,474.0
E0236,2025,1,0,Agropecuaria,Pequena,12.2,0,605.0
E0237,2022,0,0,Agroindustria,Media,88.14,0,986.3
E0237,2025,1,0,Agroindustria,Media,88.14,0,1307.8
E0238,2022,0,0,Agropecuaria,Media,60.14,1,764.3
E0238,2025,1,0,Agropecuaria,Media,60.14,1,686.0
E0239,2022,0,0,Agroindustria,Micro,3.09,0,370.7
E0239,2025,1,0,Agroindustria,Micro,3.09,0,640.3
E0240,2022,0,1,Agroindustria,Media,47.68,1,874.4
E0240,2025,1,1,Agroindustria,Media,47.68,1,1247.9
E0241,2022,0,1,Servicos,Media,61.2,1,838.2
E0241,2025,1,1,Servicos,Media,61.2,1,1119.9
E0242,2022,0,1,Agropecuaria,Media,74.36,1,744.4
E0242,2025,1,1,Agropecuaria,Media,74.36,1,1116.7
E0243,2022,0,0,Servicos,Pequena,5.47,0,628.0
E0243,2025,1,0,Servicos,Pequena,5.47,0,745.0
E0244,2022,0,0,Agropecuaria,Media,27.7,0,807.4
E0244,2025,1,0,Agropecuaria,Media,27.7,0,1084.9
E0245,2022,0,0,Industria,Micro,0.9,0,230.3
E0245,2025,1,0,Industria,Micro,0.9,0,360.9
E0246,2022,0,0,Comercio,Pequena,8.17,0,399.3
E0246,2025,1,0,Comercio,Pequena,8.17,0,420.6
E0247,2022,0,1,Comercio,Media,27.33,1,1157.3
E0247,2025,1,1,Comercio,Media,27.33,1,1526.9
E0248,2022,0,1,Agropecuaria,Media,36.28,1,994.2
E0248,2025,1,1,Agropecuaria,Media,36.28,1,1387.2
E0249,2022,0,0,Agropecuaria,Pequena,15.8,0,185.8
E0249,2025,1,0,Agropecuaria,Pequena,15.8,0,578.2
E0250,2022,0,0,Agropecuaria,Pequena,10.48,0,664.2
E0250,2025,1,0,Agropecuaria,Pequena,10.48,0,1040.5
E0251,2022,0,1,Servicos,Pequena,15.47,1,518.0
E0251,2025,1,1,Servicos,Pequena,15.47,1,916.5
E0252,2022,0,1,Comercio,Micro,3.64,1,513.9
E0252,2025,1,1,Comercio,Micro,3.64,1,969.3
E0253,2022,0,1,Servicos,Pequena,14.59,0,523.0
E0253,2025,1,1,Servicos,Pequena,14.59,0,584.5
E0254,2022,0,1,Comercio,Media,43.27,1,777.9
E0254,2025,1,1,Comercio,Media,43.27,1,943.5
E0255,2022,0,1,Comercio,Media,67.04,1,1164.6
E0255,2025,1,1,Comercio,Media,67.04,1,1468.2
E0256,2022,0,1,Industria,Pequena,5.3,1,507.0
E0256,2025,1,1,Industria,Pequena,5.3,1,844.1
E0257,2022,0,0,Agroindustria,Pequena,13.95,0,789.1
E0257,2025,1,0,Agroindustria,Pequena,13.95,0,1067.7
E0258,2022,0,0,Agroindustria,Micro,1.28,0,286.4
E0258,2025,1,0,Agroindustria,Micro,1.28,0,401.8
E0259,2022,0,1,Agropecuaria,Media,61.11,1,766.1
E0259,2025,1,1,Agropecuaria,Media,61.11,1,890.0
E0260,2022,0,0,Comercio,Pequena,7.78,1,712.5
E0260,2025,1,0,Comercio,Pequena,7.78,1,1207.1
E0261,2022,0,0,Comercio,Pequena,4.88,0,461.0
E0261,2025,1,0,Comercio,Pequena,4.88,0,538.5
E0262,2022,0,0,Industria,Micro,4.2,0,282.1
E0262,2025,1,0,Industria,Micro,4.2,0,285.7
E0263,2022,0,0,Servicos,Media,87.33,1,897.6
E0263,2025,1,0,Servicos,Media,87.33,1,1127.9
E0264,2022,0,1,Industria,Media,33.65,1,983.8
E0264,2025,1,1,Industria,Media,33.65,1,1144.4
E0265,2022,0,1,Agroindustria,Media,83.4,1,500.0
E0265,2025,1,1,Agroindustria,Media,83.4,1,840.2
E0266,2022,0,0,Comercio,Micro,1.65,0,417.6
E0266,2025,1,0,Comercio,Micro,1.65,0,551.0
E0267,2022,0,1,Agroindustria,Micro,1.93,0,658.4
E0267,2025,1,1,Agroindustria,Micro,1.93,0,1056.0
E0268,2022,0,1,Agroindustria,Pequena,10.11,0,884.9
E0268,2025,1,1,Agroindustria,Pequena,10.11,0,1080.0
E0269,2022,0,1,Servicos,Pequena,14.23,1,417.3
E0269,2025,1,1,Servicos,Pequena,14.23,1,563.9
E0270,2022,0,0,Agroindustria,Pequena,15.39,0,210.7
E0270,2025,1,0,Agroindustria,Pequena,15.39,0,273.4
E0271,2022,0,0,Comercio,Micro,3.8,0,324.3
E0271,2025,1,0,Comercio,Micro,3.8,0,630.0
E0272,2022,0,0,Agropecuaria,Micro,1.56,0,401.1
E0272,2025,1,0,Agropecuaria,Micro,1.56,0,674.5
E0273,2022,0,0,Agroindustria,Media,17.12,1,1137.5
E0273,2025,1,0,Agroindustria,Media,17.12,1,1551.9
E0274,2022,0,0,Agroindustria,Pequena,15.16,0,575.1
E0274,2025,1,0,Agroindustria,Pequena,15.16,0,646.9
E0275,2022,0,1,Agroindustria,Media,21.46,1,1131.1
E0275,2025,1,1,Agroindustria,Media,21.46,1,1388.3
E0276,2022,0,1,Agroindustria,Media,38.07,1,1087.4
E0276,2025,1,1,Agroindustria,Media,38.07,1,1376.2
E0277,2022,0,0,Servicos,Micro,4.31,0,616.4
E0277,2025,1,0,Servicos,Micro,4.31,0,542.0
E0278,2022,0,1,Agropecuaria,Media,43.38,0,874.4
E0278,2025,1,1,Agropecuaria,Media,43.38,0,1270.5
E0279,2022,0,1,Comercio,Pequena,12.27,0,397.2
E0279,2025,1,1,Comercio,Pequena,12.27,0,856.0
E0280,2022,0,1,Agroindustria,Pequena,6.19,1,684.9
E0280,2025,1,1,Agroindustria,Pequena,6.19,1,973.3
E0281,2022,0,1,Servicos,Pequena,13.75,1,429.5
E0281,2025,1,1,Servicos,Pequena,13.75,1,878.0
E0282,2022,0,0,Comercio,Pequena,7.95,0,296.3
E0282,2025,1,0,Comercio,Pequena,7.95,0,515.7
E0283,2022,0,0,Comercio,Micro,3.19,0,308.4
E0283,2025,1,0,Comercio,Micro,3.19,0,628.9
E0284,2022,0,0,Industria,Media,63.8,0,881.4
E0284,2025,1,0,Industria,Media,63.8,0,1389.5
E0285,2022,0,1,Agroindustria,Pequena,13.29,0,475.5
E0285,2025,1,1,Agroindustria,Pequena,13.29,0,514.0
E0286,2022,0,0,Industria,Micro,3.81,0,662.8
E0286,2025,1,0,Industria,Micro,3.81,0,594.6
E0287,2022,0,0,Agropecuaria,Pequena,5.59,0,1048.8
E0287,2025,1,0,Agropecuaria,Pequena,5.59,0,1233.8
E0288,2022,0,0,Servicos,Pequena,9.33,0,608.9
E0288,2025,1,0,Servicos,Pequena,9.33,0,1042.2
E0289,2022,0,1,Comercio,Pequena,4.99,1,584.6
E0289,2025,1,1,Comercio,Pequena,4.99,1,1137.2
E0290,2022,0,1,Agropecuaria,Pequena,6.99,1,207.1
E0290,2025,1,1,Agropecuaria,Pequena,6.99,1,545.1
E0291,2022,0,0,Industria,Pequena,5.99,0,573.6
E0291,2025,1,0,Industria,Pequena,5.99,0,861.7
E0292,2022,0,0,Servicos,Pequena,6.44,0,918.5
E0292,2025,1,0,Servicos,Pequena,6.44,0,1070.5
E0293,2022,0,1,Comercio,Media,82.66,1,1004.5
E0293,2025,1,1,Comercio,Media,82.66,1,1281.4
E0294,2022,0,0,Industria,Pequena,5.06,1,365.7
E0294,2025,1,0,Industria,Pequena,5.06,1,513.3
E0295,2022,0,1,Industria,Media,69.19,1,895.5
E0295,2025,1,1,Industria,Media,69.19,1,1277.1
E0296,2022,0,1,Agroindustria,Media,88.2,0,1280.1
E0296,2025,1,1,Agroindustria,Media,88.2,0,1638.5
E0297,2022,0,1,Industria,Pequena,6.57,0,671.6
E0297,2025,1,1,Industria,Pequena,6.57,0,874.6
E0298,2022,0,1,Agropecuaria,Media,45.54,1,695.0
E0298,2025,1,1,Agropecuaria,Media,45.54,1,1032.0
E0299,2022,0,1,Industria,Pequena,10.7,0,526.0
E0299,2025,1,1,Industria,Pequena,10.7,0,616.4
E0300,2022,0,1,Agroindustria,Media,80.22,1,777.4
E0300,2025,1,1,Agroindustria,Media,80.22,1,964.6
E0301,2022,0,0,Servicos,Micro,3.38,0,183.5
E0301,2025,1,0,Servicos,Micro,3.38,0,187.4
E0302,2022,0,1,Agroindustria,Media,35.48,1,1103.4
E0302,2025,1,1,Agroindustria,Media,35.48,1,1403.5
E0303,2022,0,0,Agroindustria,Micro,3.41,0,281.3
E0303,2025,1,0,Agroindustria,Micro,3.41,0,376.5
E0304,2022,0,0,Servicos,Micro,3.58,0,448.9
E0304,2025,1,0,Servicos,Micro,3.58,0,420.7
E0305,2022,0,1,Servicos,Media,55.47,0,799.1
E0305,2025,1,1,Servicos,Media,55.47,0,1162.5
E0306,2022,0,1,Comercio,Pequena,9.69,0,583.3
E0306,2025,1,1,Comercio,Pequena,9.69,0,849.4
E0307,2022,0,0,Agroindustria,Micro,2.45,0,182.0
E0307,2025,1,0,Agroindustria,Micro,2.45,0,244.5
E0308,2022,0,0,Servicos,Micro,2.77,0,396.8
E0308,2025,1,0,Servicos,Micro,2.77,0,772.5
E0309,2022,0,1,Agropecuaria,Pequena,10.81,1,637.8
E0309,2025,1,1,Agropecuaria,Pequena,10.81,1,999.5
E0310,2022,0,0,Agroindustria,Micro,0.56,0,379.5
E0310,2025,1,0,Agroindustria,Micro,0.56,0,551.9
E0311,2022,0,0,Comercio,Pequena,12.81,0,534.5
E0311,2025,1,0,Comercio,Pequena,12.81,0,642.2
E0312,2022,0,0,Servicos,Micro,3.79,0,282.8
E0312,2025,1,0,Servicos,Micro,3.79,0,589.3
E0313,2022,0,1,Industria,Media,58.43,1,599.9
E0313,2025,1,1,Industria,Media,58.43,1,1083.3
E0314,2022,0,0,Industria,Micro,3.42,0,693.6
E0314,2025,1,0,Industria,Micro,3.42,0,803.4
E0315,2022,0,1,Industria,Media,82.75,1,1008.3
E0315,2025,1,1,Industria,Media,82.75,1,1294.9
E0316,2022,0,0,Comercio,Pequena,13.63,0,457.7
E0316,2025,1,0,Comercio,Pequena,13.63,0,610.3
E0317,2022,0,0,Comercio,Media,69.72,1,853.9
E0317,2025,1,0,Comercio,Media,69.72,1,1177.1
E0318,2022,0,1,Industria,Pequena,6.11,1,701.6
E0318,2025,1,1,Industria,Pequena,6.11,1,1003.4
E0319,2022,0,0,Servicos,Pequena,6.28,0,526.1
E0319,2025,1,0,Servicos,Pequena,6.28,0,705.6
E0320,2022,0,0,Agroindustria,Micro,1.78,0,540.5
E0320,2025,1,0,Agroindustria,Micro,1.78,0,777.8
E0321,2022,0,1,Industria,Media,61.39,1,884.3
E0321,2025,1,1,Industria,Media,61.39,1,1039.3
E0322,2022,0,0,Comercio,Pequena,10.41,0,463.3
E0322,2025,1,0,Comercio,Pequena,10.41,0,539.7
E0323,2022,0,0,Agroindustria,Pequena,10.44,0,896.6
E0323,2025,1,0,Agroindustria,Pequena,10.44,0,1108.2
E0324,2022,0,1,Comercio,Micro,3.98,0,518.6
E0324,2025,1,1,Comercio,Micro,3.98,0,875.8
E0325,2022,0,0,Agroindustria,Pequena,12.25,0,329.4
E0325,2025,1,0,Agroindustria,Pequena,12.25,0,710.4
E0326,2022,0,0,Industria,Pequena,4.83,0,773.9
E0326,2025,1,0,Industria,Pequena,4.83,0,1053.1
E0327,2022,0,1,Agropecuaria,Media,77.74,1,963.6
E0327,2025,1,1,Agropecuaria,Media,77.74,1,1156.0
E0328,2022,0,0,Agroindustria,Micro,0.59,0,233.1
E0328,2025,1,0,Agroindustria,Micro,0.59,0,451.2
E0329,2022,0,0,Servicos,Micro,1.7,0,272.8
E0329,2025,1,0,Servicos,Micro,1.7,0,267.9
E0330,2022,0,0,Agroindustria,Pequena,9.1,0,426.9
E0330,2025,1,0,Agroindustria,Pequena,9.1,0,730.3
E0331,2022,0,1,Agroindustria,Pequena,8.55,1,1064.4
E0331,2025,1,1,Agroindustria,Pequena,8.55,1,1367.7
E0332,2022,0,1,Agropecuaria,Pequena,8.22,1,626.5
E0332,2025,1,1,Agropecuaria,Pequena,8.22,1,855.5
E0333,2022,0,0,Industria,Pequena,11.65,0,458.4
E0333,2025,1,0,Industria,Pequena,11.65,0,702.0
E0334,2022,0,0,Industria,Pequena,14.3,0,874.0
E0334,2025,1,0,Industria,Pequena,14.3,0,1172.4
E0335,2022,0,1,Agropecuaria,Pequena,13.26,1,709.4
E0335,2025,1,1,Agropecuaria,Pequena,13.26,1,1127.1
E0336,2022,0,1,Agroindustria,Media,49.37,1,848.7
E0336,2025,1,1,Agroindustria,Media,49.37,1,1087.3
E0337,2022,0,0,Agroindustria,Micro,0.56,0,526.7
E0337,2025,1,0,Agroindustria,Micro,0.56,0,773.5
E0338,2022,0,1,Agropecuaria,Pequena,10.72,0,224.4
E0338,2025,1,1,Agropecuaria,Pequena,10.72,0,671.7
E0339,2022,0,0,Servicos,Micro,1.55,0,192.9
E0339,2025,1,0,Servicos,Micro,1.55,0,125.2
E0340,2022,0,0,Comercio,Media,72.47,0,1000.0
E0340,2025,1,0,Comercio,Media,72.47,0,1023.4
E0341,2022,0,0,Agroindustria,Pequena,9.62,0,342.6
E0341,2025,1,0,Agroindustria,Pequena,9.62,0,616.6
E0342,2022,0,1,Comercio,Media,77.12,1,1012.0
E0342,2025,1,1,Comercio,Media,77.12,1,1230.5
E0343,2022,0,1,Agroindustria,Media,67.77,1,734.4
E0343,2025,1,1,Agroindustria,Media,67.77,1,1052.4
E0344,2022,0,0,Servicos,Pequena,8.61,0,856.2
E0344,2025,1,0,Servicos,Pequena,8.61,0,825.7
E0345,2022,0,0,Agropecuaria,Pequena,6.38,0,434.4
E0345,2025,1,0,Agropecuaria,Pequena,6.38,0,515.1
E0346,2022,0,0,Agroindustria,Micro,0.72,0,538.3
E0346,2025,1,0,Agroindustria,Micro,0.72,0,756.2
E0347,2022,0,0,Agroindustria,Media,48.55,0,759.7
E0347,2025,1,0,Agroindustria,Media,48.55,0,1077.5
E0348,2022,0,0,Agroindustria,Pequena,7.38,0,333.6
E0348,2025,1,0,Agroindustria,Pequena,7.38,0,394.6
E0349,2022,0,0,Agroindustria,Pequena,10.46,0,797.8
E0349,2025,1,0,Agroindustria,Pequena,10.46,0,1156.7
E0350,2022,0,1,Comercio,Micro,2.98,0,533.1
E0350,2025,1,1,Comercio,Micro,2.98,0,903.1
E0351,2022,0,1,Industria,Pequena,9.33,1,821.5
E0351,2025,1,1,Industria,Pequena,9.33,1,1253.9
E0352,2022,0,1,Comercio,Media,84.1,1,965.1
E0352,2025,1,1,Comercio,Media,84.1,1,1281.1
E0353,2022,0,0,Agroindustria,Media,22.49,0,700.0
E0353,2025,1,0,Agroindustria,Media,22.49,0,926.7
E0354,2022,0,0,Industria,Pequena,11.92,0,477.4
E0354,2025,1,0,Industria,Pequena,11.92,0,621.0
E0355,2022,0,0,Industria,Pequena,9.79,0,809.9
E0355,2025,1,0,Industria,Pequena,9.79,0,888.4
E0356,2022,0,0,Agropecuaria,Pequena,9.35,0,606.0
E0356,2025,1,0,Agropecuaria,Pequena,9.35,0,762.2
E0357,2022,0,0,Comercio,Pequena,11.9,0,435.7
E0357,2025,1,0,Comercio,Pequena,11.9,0,605.0
E0358,2022,0,0,Agropecuaria,Pequena,6.93,0,914.1
E0358,2025,1,0,Agropecuaria,Pequena,6.93,0,863.3
E0359,2022,0,0,Agropecuaria,Pequena,5.92,0,816.3
E0359,2025,1,0,Agropecuaria,Pequena,5.92,0,1166.5
E0360,2022,0,1,Agroindustria,Media,72.12,1,1034.2
E0360,2025,1,1,Agroindustria,Media,72.12,1,1520.0
E0361,2022,0,0,Agropecuaria,Pequena,6.01,0,660.7
E0361,2025,1,0,Agropecuaria,Pequena,6.01,0,749.7
E0362,2022,0,1,Agroindustria,Pequena,13.94,0,910.2
E0362,2025,1,1,Agroindustria,Pequena,13.94,0,1201.1
E0363,2022,0,0,Servicos,Pequena,14.07,1,529.0
E0363,2025,1,0,Servicos,Pequena,14.07,1,805.3
E0364,2022,0,1,Agroindustria,Media,34.6,1,1029.8
E0364,2025,1,1,Agroindustria,Media,34.6,1,1369.7
E0365,2022,0,1,Industria,Media,18.11,0,734.3
E0365,2025,1,1,Industria,Media,18.11,0,1056.1
E0366,2022,0,0,Servicos,Micro,1.67,0,576.8
E0366,2025,1,0,Servicos,Micro,1.67,0,620.4
E0367,2022,0,1,Comercio,Media,64.84,1,1168.5
E0367,2025,1,1,Comercio,Media,64.84,1,1407.0
E0368,2022,0,0,Comercio,Pequena,11.0,1,734.7
E0368,2025,1,0,Comercio,Pequena,11.0,1,719.8
E0369,2022,0,0,Servicos,Pequena,13.25,1,527.0
E0369,2025,1,0,Servicos,Pequena,13.25,1,773.4
E0370,2022,0,1,Industria,Media,59.61,1,633.0
E0370,2025,1,1,Industria,Media,59.61,1,1084.3
E0371,2022,0,0,Agroindustria,Pequena,14.56,0,332.0
E0371,2025,1,0,Agroindustria,Pequena,14.56,0,224.1
E0372,2022,0,0,Industria,Micro,4.11,0,329.6
E0372,2025,1,0,Industria,Micro,4.11,0,517.5
E0373,2022,0,0,Industria,Pequena,6.07,0,725.5
E0373,2025,1,0,Industria,Pequena,6.07,0,686.4
E0374,2022,0,0,Agropecuaria,Micro,0.52,1,200.5
E0374,2025,1,0,Agropecuaria,Micro,0.52,1,405.3
E0375,2022,0,1,Agropecuaria,Pequena,15.93,1,686.4
E0375,2025,1,1,Agropecuaria,Pequena,15.93,1,895.2
E0376,2022,0,1,Agroindustria,Media,48.21,1,801.3
E0376,2025,1,1,Agroindustria,Media,48.21,1,1234.8
E0377,2022,0,1,Agropecuaria,Media,72.7,1,828.6
E0377,2025,1,1,Agropecuaria,Media,72.7,1,1156.6
E0378,2022,0,0,Servicos,Micro,4.3,0,166.1
E0378,2025,1,0,Servicos,Micro,4.3,0,229.1
E0379,2022,0,1,Servicos,Micro,4.37,0,290.0
E0379,2025,1,1,Servicos,Micro,4.37,0,617.1
E0380,2022,0,0,Industria,Micro,2.15,0,554.6
E0380,2025,1,0,Industria,Micro,2.15,0,765.8
E0381,2022,0,0,Industria,Micro,1.37,0,241.4
E0381,2025,1,0,Industria,Micro,1.37,0,466.7
E0382,2022,0,1,Comercio,Pequena,8.73,1,451.3
E0382,2025,1,1,Comercio,Pequena,8.73,1,784.9
E0383,2022,0,1,Comercio,Pequena,5.41,0,782.7
E0383,2025,1,1,Comercio,Pequena,5.41,0,1267.8
E0384,2022,0,1,Industria,Pequena,5.63,1,567.4
E0384,2025,1,1,Industria,Pequena,5.63,1,857.5
E0385,2022,0,1,Servicos,Pequena,14.29,1,451.2
E0385,2025,1,1,Servicos,Pequena,14.29,1,812.8
E0386,2022,0,0,Agroindustria,Pequena,6.66,0,605.6
E0386,2025,1,0,Agroindustria,Pequena,6.66,0,748.9
E0387,2022,0,0,Agropecuaria,Pequena,9.73,0,659.1
E0387,2025,1,0,Agropecuaria,Pequena,9.73,0,955.2
E0388,2022,0,0,Agroindustria,Micro,3.59,0,211.1
E0388,2025,1,0,Agroindustria,Micro,3.59,0,535.4
E0389,2022,0,0,Servicos,Pequena,8.35,0,558.0
E0389,2025,1,0,Servicos,Pequena,8.35,0,740.3
E0390,2022,0,1,Agropecuaria,Pequena,10.1,0,711.1
E0390,2025,1,1,Agropecuaria,Pequena,10.1,0,1108.2
E0391,2022,0,0,Comercio,Pequena,5.28,1,275.8
E0391,2025,1,0,Comercio,Pequena,5.28,1,319.7
E0392,2022,0,0,Industria,Micro,2.92,0,133.4
E0392,2025,1,0,Industria,Micro,2.92,0,311.8
E0393,2022,0,1,Servicos,Pequena,15.94,0,506.8
E0393,2025,1,1,Servicos,Pequena,15.94,0,636.3
E0394,2022,0,0,Agropecuaria,Pequena,15.95,0,381.0
E0394,2025,1,0,Agropecuaria,Pequena,15.95,0,645.3
E0395,2022,0,1,Industria,Media,48.47,1,553.7
E0395,2025,1,1,Industria,Media,48.47,1,809.7
E0396,2022,0,0,Comercio,Pequena,9.09,0,482.7
E0396,2025,1,0,Comercio,Pequena,9.09,0,518.4
E0397,2022,0,1,Comercio,Micro,1.18,1,351.1
E0397,2025,1,1,Comercio,Micro,1.18,1,469.7
E0398,2022,0,0,Agroindustria,Pequena,7.16,0,376.6
E0398,2025,1,0,Agroindustria,Pequena,7.16,0,662.5
E0399,2022,0,0,Agropecuaria,Media,33.1,0,1166.7
E0399,2025,1,0,Agropecuaria,Media,33.1,0,1357.0
E0400,2022,0,0,Comercio,Micro,2.49,0,454.4
E0400,2025,1,0,Comercio,Micro,2.49,0,613.7
E0401,2022,0,1,Comercio,Media,19.0,0,1204.1
E0401,2025,1,1,Comercio,Media,19.0,0,1557.8
E0402,2022,0,0,Agroindustria,Pequena,5.09,0,470.4
E0402,2025,1,0,Agroindustria,Pequena,5.09,0,618.9
E0403,2022,0,0,Industria,Pequena,11.28,0,157.3
E0403,2025,1,0,Industria,Pequena,11.28,0,334.1
E0404,2022,0,0,Agropecuaria,Micro,2.28,0,526.2
E0404,2025,1,0,Agropecuaria,Micro,2.28,0,782.2
E0405,2022,0,0,Servicos,Micro,3.99,0,38.3
E0405,2025,1,0,Servicos,Micro,3.99,0,483.3
E0406,2022,0,1,Comercio,Media,76.87,1,1175.3
E0406,2025,1,1,Comercio,Media,76.87,1,1631.0
E0407,2022,0,1,Servicos,Media,65.47,1,802.6
E0407,2025,1,1,Servicos,Media,65.47,1,906.2
E0408,2022,0,0,Servicos,Media,39.07,1,624.5
E0408,2025,1,0,Servicos,Media,39.07,1,904.6
E0409,2022,0,0,Agropecuaria,Micro,3.9,0,657.5
E0409,2025,1,0,Agropecuaria,Micro,3.9,0,1070.6
E0410,2022,0,1,Comercio,Media,18.88,1,724.4
E0410,2025,1,1,Comercio,Media,18.88,1,1072.2
E0411,2022,0,0,Servicos,Pequena,5.64,0,90.0
E0411,2025,1,0,Servicos,Pequena,5.64,0,175.5
E0412,2022,0,1,Comercio,Media,74.68,1,1173.3
E0412,2025,1,1,Comercio,Media,74.68,1,1800.6
E0413,2022,0,0,Agroindustria,Micro,4.26,0,457.8
E0413,2025,1,0,Agroindustria,Micro,4.26,0,627.1
E0414,2022,0,0,Agropecuaria,Pequena,11.23,0,689.4
E0414,2025,1,0,Agropecuaria,Pequena,11.23,0,809.5
E0415,2022,0,0,Industria,Media,46.89,1,756.7
E0415,2025,1,0,Industria,Media,46.89,1,1226.1
E0416,2022,0,0,Agropecuaria,Pequena,6.08,0,472.3
E0416,2025,1,0,Agropecuaria,Pequena,6.08,0,769.6
E0417,2022,0,0,Industria,Micro,3.56,0,676.0
E0417,2025,1,0,Industria,Micro,3.56,0,909.3
E0418,2022,0,1,Industria,Media,33.82,1,1097.7
E0418,2025,1,1,Industria,Media,33.82,1,1472.9
E0419,2022,0,0,Servicos,Micro,3.34,0,202.6
E0419,2025,1,0,Servicos,Micro,3.34,0,356.2
E0420,2022,0,1,Comercio,Media,41.6,1,536.5
E0420,2025,1,1,Comercio,Media,41.6,1,910.3
E0421,2022,0,0,Industria,Media,80.77,1,747.0
E0421,2025,1,0,Industria,Media,80.77,1,1041.3
E0422,2022,0,0,Servicos,Pequena,7.35,0,516.7
E0422,2025,1,0,Servicos,Pequena,7.35,0,888.5
E0423,2022,0,1,Comercio,Pequena,6.91,1,697.6
E0423,2025,1,1,Comercio,Pequena,6.91,1,1158.7
E0424,2022,0,1,Comercio,Media,33.32,1,807.2
E0424,2025,1,1,Comercio,Media,33.32,1,1134.9
E0425,2022,0,1,Agroindustria,Micro,1.39,0,279.7
E0425,2025,1,1,Agroindustria,Micro,1.39,0,726.6
E0426,2022,0,0,Agropecuaria,Micro,1.69,0,198.7
E0426,2025,1,0,Agropecuaria,Micro,1.69,0,469.2
E0427,2022,0,0,Agroindustria,Pequena,13.22,0,580.7
E0427,2025,1,0,Agroindustria,Pequena,13.22,0,837.5
E0428,2022,0,0,Comercio,Micro,2.45,0,233.8
E0428,2025,1,0,Comercio,Micro,2.45,0,260.5
E0429,2022,0,1,Agropecuaria,Pequena,10.73,0,688.4
E0429,2025,1,1,Agropecuaria,Pequena,10.73,0,784.8
E0430,2022,0,1,Comercio,Media,73.61,1,1022.3
E0430,2025,1,1,Comercio,Media,73.61,1,1380.0
E0431,2022,0,0,Comercio,Pequena,14.94,0,697.6
E0431,2025,1,0,Comercio,Pequena,14.94,0,807.5
E0432,2022,0,0,Industria,Pequena,15.72,0,619.0
E0432,2025,1,0,Industria,Pequena,15.72,0,540.1
E0433,2022,0,1,Servicos,Media,70.38,1,914.2
E0433,2025,1,1,Servicos,Media,70.38,1,1129.2
E0434,2022,0,0,Agroindustria,Micro,4.0,0,291.6
E0434,2025,1,0,Agroindustria,Micro,4.0,0,229.4
E0435,2022,0,1,Servicos,Media,34.61,1,678.5
E0435,2025,1,1,Servicos,Media,34.61,1,1110.2
E0436,2022,0,1,Comercio,Micro,3.26,0,503.8
E0436,2025,1,1,Comercio,Micro,3.26,0,847.7
E0437,2022,0,1,Servicos,Pequena,7.85,1,640.6
E0437,2025,1,1,Servicos,Pequena,7.85,1,1125.6
E0438,2022,0,0,Agroindustria,Media,75.48,0,1051.4
E0438,2025,1,0,Agroindustria,Media,75.48,0,1313.5
E0439,2022,0,0,Comercio,Micro,4.1,0,505.9
E0439,2025,1,0,Comercio,Micro,4.1,0,553.6
E0440,2022,0,0,Servicos,Pequena,7.84,0,516.2
E0440,2025,1,0,Servicos,Pequena,7.84,0,811.5
E0441,2022,0,0,Industria,Micro,2.53,0,412.8
E0441,2025,1,0,Industria,Micro,2.53,0,509.1
E0442,2022,0,0,Agropecuaria,Media,32.93,1,644.9
E0442,2025,1,0,Agropecuaria,Media,32.93,1,913.5
E0443,2022,0,0,Agroindustria,Pequena,12.03,0,621.9
E0443,2025,1,0,Agroindustria,Pequena,12.03,0,581.7
E0444,2022,0,1,Agroindustria,Micro,1.04,0,339.9
E0444,2025,1,1,Agroindustria,Micro,1.04,0,776.6
E0445,2022,0,0,Comercio,Micro,3.69,0,35.7
E0445,2025,1,0,Comercio,Micro,3.69,0,129.0
E0446,2022,0,0,Servicos,Micro,2.31,0,626.0
E0446,2025,1,0,Servicos,Micro,2.31,0,992.1
E0447,2022,0,0,Agroindustria,Micro,2.69,0,534.9
E0447,2025,1,0,Agroindustria,Micro,2.69,0,874.1
E0448,2022,0,1,Agroindustria,Media,54.05,1,795.7
E0448,2025,1,1,Agroindustria,Media,54.05,1,1140.7
E0449,2022,0,0,Agroindustria,Media,37.82,1,947.1
E0449,2025,1,0,Agroindustria,Media,37.82,1,1041.3
E0450,2022,0,0,Servicos,Pequena,10.29,0,603.5
E0450,2025,1,0,Servicos,Pequena,10.29,0,759.0
E0451,2022,0,1,Agroindustria,Media,71.46,1,406.2
E0451,2025,1,1,Agroindustria,Media,71.46,1,632.1
E0452,2022,0,1,Agropecuaria,Media,53.47,1,1093.3
E0452,2025,1,1,Agropecuaria,Media,53.47,1,1598.8
E0453,2022,0,0,Agropecuaria,Pequena,14.86,0,592.0
E0453,2025,1,0,Agropecuaria,Pequena,14.86,0,732.1
E0454,2022,0,1,Industria,Media,79.16,1,826.9
E0454,2025,1,1,Industria,Media,79.16,1,1116.0
E0455,2022,0,0,Agropecuaria,Pequena,11.38,0,659.3
E0455,2025,1,0,Agropecuaria,Pequena,11.38,0,870.2
E0456,2022,0,0,Industria,Pequena,10.27,0,622.6
E0456,2025,1,0,Industria,Pequena,10.27,0,801.6
E0457,2022,0,1,Agroindustria,Media,41.83,1,858.7
E0457,2025,1,1,Agroindustria,Media,41.83,1,1225.5
E0458,2022,0,1,Servicos,Media,29.33,1,867.4
E0458,2025,1,1,Servicos,Media,29.33,1,1147.3
E0459,2022,0,0,Agroindustria,Micro,1.33,0,486.0
E0459,2025,1,0,Agroindustria,Micro,1.33,0,585.8
E0460,2022,0,1,Agropecuaria,Media,34.42,1,931.8
E0460,2025,1,1,Agropecuaria,Media,34.42,1,1279.7
E0461,2022,0,0,Agropecuaria,Pequena,10.27,0,622.7
E0461,2025,1,0,Agropecuaria,Pequena,10.27,0,720.1
E0462,2022,0,0,Servicos,Micro,1.05,0,350.8
E0462,2025,1,0,Servicos,Micro,1.05,0,673.3
E0463,2022,0,0,Servicos,Pequena,7.5,0,557.2
E0463,2025,1,0,Servicos,Pequena,7.5,0,783.5
E0464,2022,0,0,Agroindustria,Micro,2.54,1,303.2
E0464,2025,1,0,Agroindustria,Micro,2.54,1,620.2
E0465,2022,0,0,Industria,Pequena,12.17,0,878.2
E0465,2025,1,0,Industria,Pequena,12.17,0,1185.7
E0466,2022,0,0,Agropecuaria,Pequena,8.9,0,741.6
E0466,2025,1,0,Agropecuaria,Pequena,8.9,0,839.5
E0467,2022,0,1,Comercio,Micro,3.14,0,460.5
E0467,2025,1,1,Comercio,Micro,3.14,0,827.8
E0468,2022,0,0,Industria,Micro,4.25,0,102.7
E0468,2025,1,0,Industria,Micro,4.25,0,244.2
E0469,2022,0,1,Agropecuaria,Media,37.26,1,712.1
E0469,2025,1,1,Agropecuaria,Media,37.26,1,1133.8
E0470,2022,0,0,Servicos,Micro,4.63,0,281.4
E0470,2025,1,0,Servicos,Micro,4.63,0,631.4
E0471,2022,0,0,Agropecuaria,Micro,4.71,0,374.8
E0471,2025,1,0,Agropecuaria,Micro,4.71,0,221.7
E0472,2022,0,1,Agroindustria,Media,32.59,1,756.1
E0472,2025,1,1,Agroindustria,Media,32.59,1,894.5
E0473,2022,0,0,Servicos,Pequena,13.05,0,769.1
E0473,2025,1,0,Servicos,Pequena,13.05,0,1212.9
E0474,2022,0,1,Industria,Media,62.85,1,836.7
E0474,2025,1,1,Industria,Media,62.85,1,1094.4
E0475,2022,0,0,Comercio,Micro,2.26,0,235.4
E0475,2025,1,0,Comercio,Micro,2.26,0,408.0
E0476,2022,0,0,Servicos,Media,51.94,1,632.4
E0476,2025,1,0,Servicos,Media,51.94,1,1004.4
E0477,2022,0,1,Agroindustria,Pequena,11.38,0,852.6
E0477,2025,1,1,Agroindustria,Pequena,11.38,0,1138.1
E0478,2022,0,1,Servicos,Pequena,9.92,1,640.4
E0478,2025,1,1,Servicos,Pequena,9.92,1,941.1
E0479,2022,0,0,Agropecuaria,Pequena,9.94,1,547.9
E0479,2025,1,0,Agropecuaria,Pequena,9.94,1,979.9
E0480,2022,0,0,Comercio,Micro,3.38,0,421.8
E0480,2025,1,0,Comercio,Micro,3.38,0,657.1
E0481,2022,0,0,Comercio,Media,87.38,0,760.7
E0481,2025,1,0,Comercio,Media,87.38,0,937.6
E0482,2022,0,0,Industria,Media,43.24,1,512.3
E0482,2025,1,0,Industria,Media,43.24,1,719.4
E0483,2022,0,0,Agropecuaria,Micro,4.45,0,553.6
E0483,2025,1,0,Agropecuaria,Micro,4.45,0,690.7
E0484,2022,0,0,Servicos,Micro,0.41,0,485.1
E0484,2025,1,0,Servicos,Micro,0.41,0,780.0
E0485,2022,0,1,Servicos,Media,19.1,1,765.9
E0485,2025,1,1,Servicos,Media,19.1,1,1165.1
E0486,2022,0,1,Agroindustria,Media,16.09,1,1043.2
E0486,2025,1,1,Agroindustria,Media,16.09,1,1245.0
E0487,2022,0,0,Agroindustria,Micro,3.17,0,281.2
E0487,2025,1,0,Agroindustria,Micro,3.17,0,437.0
E0488,2022,0,0,Agropecuaria,Pequena,14.6,0,388.6
E0488,2025,1,0,Agropecuaria,Pequena,14.6,0,553.8
E0489,2022,0,0,Servicos,Media,29.26,1,829.6
E0489,2025,1,0,Servicos,Media,29.26,1,1044.6
E0490,2022,0,0,Comercio,Media,44.31,0,694.2
E0490,2025,1,0,Comercio,Media,44.31,0,876.4
E0491,2022,0,0,Servicos,Micro,2.16,0,552.8
E0491,2025,1,0,Servicos,Micro,2.16,0,954.2
E0492,2022,0,0,Agropecuaria,Pequena,6.7,0,480.2
E0492,2025,1,0,Agropecuaria,Pequena,6.7,0,782.1
E0493,2022,0,1,Industria,Media,53.46,1,919.3
E0493,2025,1,1,Industria,Media,53.46,1,1115.1
E0494,2022,0,0,Agropecuaria,Pequena,10.33,0,751.2
E0494,2025,1,0,Agropecuaria,Pequena,10.33,0,977.3
E0495,2022,0,0,Comercio,Media,38.26,0,945.9
E0495,2025,1,0,Comercio,Media,38.26,0,1103.3
E0496,2022,0,1,Industria,Media,66.17,1,1032.6
E0496,2025,1,1,Industria,Media,66.17,1,1408.2
E0497,2022,0,0,Agroindustria,Micro,2.79,0,565.0
E0497,2025,1,0,Agroindustria,Micro,2.79,0,803.4
E0498,2022,0,1,Agroindustria,Micro,2.6,0,818.1
E0498,2025,1,1,Agroindustria,Micro,2.6,0,1071.2
E0499,2022,0,0,Servicos,Pequena,5.92,0,446.3
E0499,2025,1,0,Servicos,Pequena,5.92,0,608.4
E0500,2022,0,1,Industria,Media,41.52,1,981.4
E0500,2025,1,1,Industria,Media,41.52,1,1160.5
E0501,2022,0,0,Agroindustria,Media,37.64,0,772.3
E0501,2025,1,0,Agroindustria,Media,37.64,0,813.3
E0502,2022,0,0,Agroindustria,Micro,4.25,1,544.3
E0502,2025,1,0,Agroindustria,Micro,4.25,1,966.2
E0503,2022,0,1,Comercio,Media,81.43,1,1236.1
E0503,2025,1,1,Comercio,Media,81.43,1,1560.6
E0504,2022,0,0,Agropecuaria,Micro,2.69,0,228.5
E0504,2025,1,0,Agropecuaria,Micro,2.69,0,174.5
E0505,2022,0,0,Comercio,Micro,0.93,0,328.0
E0505,2025,1,0,Comercio,Micro,0.93,0,447.9
E0506,2022,0,1,Comercio,Pequena,6.08,0,773.9
E0506,2025,1,1,Comercio,Pequena,6.08,0,1153.8
E0507,2022,0,0,Comercio,Micro,4.44,0,429.0
E0507,2025,1,0,Comercio,Micro,4.44,0,761.2
E0508,2022,0,0,Industria,Pequena,8.57,0,745.3
E0508,2025,1,0,Industria,Pequena,8.57,0,938.5
E0509,2022,0,1,Comercio,Media,39.13,1,1015.1
E0509,2025,1,1,Comercio,Media,39.13,1,1458.2
E0510,2022,0,0,Comercio,Micro,4.41,0,117.2
E0510,2025,1,0,Comercio,Micro,4.41,0,237.9
E0511,2022,0,0,Servicos,Pequena,14.01,0,589.0
E0511,2025,1,0,Servicos,Pequena,14.01,0,598.8
E0512,2022,0,1,Agroindustria,Media,23.19,0,634.8
E0512,2025,1,1,Agroindustria,Media,23.19,0,1076.3
E0513,2022,0,0,Agroindustria,Micro,3.28,0,166.8
E0513,2025,1,0,Agroindustria,Micro,3.28,0,277.7
E0514,2022,0,1,Servicos,Media,49.15,1,635.3
E0514,2025,1,1,Servicos,Media,49.15,1,846.3
E0515,2022,0,1,Comercio,Media,81.85,1,991.8
E0515,2025,1,1,Comercio,Media,81.85,1,1306.2
E0516,2022,0,0,Agroindustria,Media,85.84,1,898.7
E0516,2025,1,0,Agroindustria,Media,85.84,1,1020.2
E0517,2022,0,0,Agropecuaria,Pequena,7.24,0,811.6
E0517,2025,1,0,Agropecuaria,Pequena,7.24,0,986.6
E0518,2022,0,0,Agropecuaria,Micro,0.51,0,560.7
E0518,2025,1,0,Agropecuaria,Micro,0.51,0,737.7
E0519,2022,0,1,Industria,Media,52.45,1,904.6
E0519,2025,1,1,Industria,Media,52.45,1,1228.0
E0520,2022,0,0,Agropecuaria,Micro,3.63,0,654.0
E0520,2025,1,0,Agropecuaria,Micro,3.63,0,942.4
E0521,2022,0,1,Servicos,Pequena,8.79,1,540.1
E0521,2025,1,1,Servicos,Pequena,8.79,1,788.6
E0522,2022,0,0,Comercio,Micro,0.53,0,394.9
E0522,2025,1,0,Comercio,Micro,0.53,0,700.3
E0523,2022,0,1,Servicos,Media,88.44,1,825.7
E0523,2025,1,1,Servicos,Media,88.44,1,1238.0
E0524,2022,0,0,Agroindustria,Media,17.19,0,1184.2
E0524,2025,1,0,Agroindustria,Media,17.19,0,1212.2
E0525,2022,0,1,Servicos,Media,36.66,1,937.1
E0525,2025,1,1,Servicos,Media,36.66,1,1060.1
E0526,2022,0,1,Servicos,Media,54.93,1,1071.5
E0526,2025,1,1,Servicos,Media,54.93,1,1317.3
E0527,2022,0,0,Comercio,Pequena,15.69,0,461.9
E0527,2025,1,0,Comercio,Pequena,15.69,0,835.8
E0528,2022,0,1,Agroindustria,Media,19.24,1,787.2
E0528,2025,1,1,Agroindustria,Media,19.24,1,848.4
E0529,2022,0,1,Agropecuaria,Media,85.73,1,1091.7
E0529,2025,1,1,Agropecuaria,Media,85.73,1,1572.8
E0530,2022,0,0,Industria,Pequena,6.97,0,708.8
E0530,2025,1,0,Industria,Pequena,6.97,0,895.0
E0531,2022,0,1,Servicos,Media,87.84,1,887.4
E0531,2025,1,1,Servicos,Media,87.84,1,1299.8
E0532,2022,0,0,Agropecuaria,Micro,1.77,0,369.2
E0532,2025,1,0,Agropecuaria,Micro,1.77,0,538.1
E0533,2022,0,1,Servicos,Media,32.02,1,1116.8
E0533,2025,1,1,Servicos,Media,32.02,1,1486.2
E0534,2022,0,1,Comercio,Media,37.01,1,1070.8
E0534,2025,1,1,Comercio,Media,37.01,1,1490.0
E0535,2022,0,1,Comercio,Pequena,5.33,1,430.6
E0535,2025,1,1,Comercio,Pequena,5.33,1,805.0
E0536,2022,0,1,Industria,Media,31.86,1,1109.3
E0536,2025,1,1,Industria,Media,31.86,1,1779.4
E0537,2022,0,0,Agroindustria,Micro,0.89,0,221.8
E0537,2025,1,0,Agroindustria,Micro,0.89,0,448.3
E0538,2022,0,1,Agroindustria,Pequena,8.62,0,791.7
E0538,2025,1,1,Agroindustria,Pequena,8.62,0,1167.9
E0539,2022,0,0,Servicos,Pequena,7.7,0,329.3
E0539,2025,1,0,Servicos,Pequena,7.7,0,658.0
E0540,2022,0,1,Agroindustria,Media,76.64,1,1147.8
E0540,2025,1,1,Agroindustria,Media,76.64,1,1415.5
E0541,2022,0,1,Agropecuaria,Pequena,6.41,1,556.9
E0541,2025,1,1,Agropecuaria,Pequena,6.41,1,1116.1
E0542,2022,0,1,Agroindustria,Pequena,6.9,1,851.2
E0542,2025,1,1,Agroindustria,Pequena,6.9,1,944.0
E0543,2022,0,1,Agroindustria,Media,57.82,1,1011.5
E0543,2025,1,1,Agroindustria,Media,57.82,1,1319.6
E0544,2022,0,0,Industria,Micro,4.07,0,549.2
E0544,2025,1,0,Industria,Micro,4.07,0,669.7
E0545,2022,0,1,Agroindustria,Media,17.3,1,1094.8
E0545,2025,1,1,Agroindustria,Media,17.3,1,1485.1
E0546,2022,0,0,Agropecuaria,Pequena,5.21,0,470.5
E0546,2025,1,0,Agropecuaria,Pequena,5.21,0,463.3
E0547,2022,0,1,Agroindustria,Micro,0.51,1,332.6
E0547,2025,1,1,Agroindustria,Micro,0.51,1,681.9
E0548,2022,0,1,Agroindustria,Media,20.27,1,1073.4
E0548,2025,1,1,Agroindustria,Media,20.27,1,1339.2
E0549,2022,0,0,Industria,Pequena,12.38,0,543.8
E0549,2025,1,0,Industria,Pequena,12.38,0,737.5
E0550,2022,0,0,Servicos,Pequena,6.57,0,734.8
E0550,2025,1,0,Servicos,Pequena,6.57,0,876.0
E0551,2022,0,0,Servicos,Pequena,7.17,0,512.5
E0551,2025,1,0,Servicos,Pequena,7.17,0,771.0
E0552,2022,0,0,Servicos,Micro,3.97,0,604.9
E0552,2025,1,0,Servicos,Micro,3.97,0,858.4
E0553,2022,0,1,Agropecuaria,Media,38.71,1,1042.2
E0553,2025,1,1,Agropecuaria,Media,38.71,1,1385.9
E0554,2022,0,0,Comercio,Pequena,8.77,0,814.5
E0554,2025,1,0,Comercio,Pequena,8.77,0,1022.5
E0555,2022,0,0,Servicos,Micro,0.65,0,567.1
E0555,2025,1,0,Servicos,Micro,0.65,0,697.6
E0556,2022,0,0,Comercio,Micro,0.42,0,272.9
E0556,2025,1,0,Comercio,Micro,0.42,0,217.2
E0557,2022,0,1,Industria,Micro,2.42,1,260.8
E0557,2025,1,1,Industria,Micro,2.42,1,518.3
E0558,2022,0,1,Servicos,Pequena,14.84,1,351.1
E0558,2025,1,1,Servicos,Pequena,14.84,1,599.4
E0559,2022,0,1,Servicos,Micro,1.27,0,598.0
E0559,2025,1,1,Servicos,Micro,1.27,0,834.8
E0560,2022,0,1,Industria,Pequena,14.27,1,601.3
E0560,2025,1,1,Industria,Pequena,14.27,1,951.4
E0561,2022,0,0,Agroindustria,Micro,1.88,0,328.2
E0561,2025,1,0,Agroindustria,Micro,1.88,0,541.6
E0562,2022,0,1,Agropecuaria,Media,88.91,1,754.3
E0562,2025,1,1,Agropecuaria,Media,88.91,1,1150.4
E0563,2022,0,0,Comercio,Pequena,11.56,0,112.6
E0563,2025,1,0,Comercio,Pequena,11.56,0,316.5
E0564,2022,0,1,Comercio,Media,45.38,1,919.2
E0564,2025,1,1,Comercio,Media,45.38,1,1263.7
E0565,2022,0,0,Agropecuaria,Micro,4.12,0,410.4
E0565,2025,1,0,Agropecuaria,Micro,4.12,0,597.7
E0566,2022,0,1,Agropecuaria,Pequena,10.79,1,480.5
E0566,2025,1,1,Agropecuaria,Pequena,10.79,1,790.5
E0567,2022,0,0,Agroindustria,Micro,1.58,1,520.7
E0567,2025,1,0,Agroindustria,Micro,1.58,1,717.5
E0568,2022,0,0,Agroindustria,Pequena,9.77,0,489.8
E0568,2025,1,0,Agroindustria,Pequena,9.77,0,606.6
E0569,2022,0,1,Agroindustria,Pequena,12.91,1,775.4
E0569,2025,1,1,Agroindustria,Pequena,12.91,1,1064.2
E0570,2022,0,1,Servicos,Micro,4.66,0,484.6
E0570,2025,1,1,Servicos,Micro,4.66,0,671.7
E0571,2022,0,0,Comercio,Micro,2.11,0,493.2
E0571,2025,1,0,Comercio,Micro,2.11,0,584.2
E0572,2022,0,0,Comercio,Pequena,12.72,0,424.7
E0572,2025,1,0,Comercio,Pequena,12.72,0,740.5
E0573,2022,0,0,Agropecuaria,Pequena,7.08,0,495.0
E0573,2025,1,0,Agropecuaria,Pequena,7.08,0,545.5
E0574,2022,0,1,Agropecuaria,Micro,1.51,0,368.6
E0574,2025,1,1,Agropecuaria,Micro,1.51,0,616.9
E0575,2022,0,0,Agroindustria,Micro,3.1,0,319.1
E0575,2025,1,0,Agroindustria,Micro,3.1,0,468.8
E0576,2022,0,1,Industria,Media,51.95,1,736.4
E0576,2025,1,1,Industria,Media,51.95,1,1081.8
E0577,2022,0,1,Industria,Micro,3.05,0,1014.0
E0577,2025,1,1,Industria,Micro,3.05,0,1388.9
E0578,2022,0,0,Servicos,Media,59.26,0,583.9
E0578,2025,1,0,Servicos,Media,59.26,0,726.1
E0579,2022,0,1,Servicos,Pequena,9.53,1,456.9
E0579,2025,1,1,Servicos,Pequena,9.53,1,803.2
E0580,2022,0,1,Agroindustria,Pequena,11.56,0,819.1
E0580,2025,1,1,Agroindustria,Pequena,11.56,0,1343.0
E0581,2022,0,0,Agroindustria,Micro,2.69,0,490.3
E0581,2025,1,0,Agroindustria,Micro,2.69,0,574.6
E0582,2022,0,1,Agroindustria,Media,70.17,1,1047.7
E0582,2025,1,1,Agroindustria,Media,70.17,1,1416.7
E0583,2022,0,0,Servicos,Pequena,8.44,0,528.0
E0583,2025,1,0,Servicos,Pequena,8.44,0,862.2
E0584,2022,0,1,Servicos,Pequena,6.24,1,994.1
E0584,2025,1,1,Servicos,Pequena,6.24,1,1309.4
E0585,2022,0,0,Comercio,Media,22.73,1,719.4
E0585,2025,1,0,Comercio,Media,22.73,1,875.8
E0586,2022,0,1,Agropecuaria,Media,56.83,1,898.5
E0586,2025,1,1,Agropecuaria,Media,56.83,1,1155.8
E0587,2022,0,1,Agroindustria,Media,19.48,1,888.5
E0587,2025,1,1,Agroindustria,Media,19.48,1,1196.5
E0588,2022,0,1,Servicos,Pequena,10.99,1,918.1
E0588,2025,1,1,Servicos,Pequena,10.99,1,1289.8
E0589,2022,0,0,Servicos,Pequena,14.27,0,563.2
E0589,2025,1,0,Servicos,Pequena,14.27,0,1004.6
E0590,2022,0,1,Comercio,Media,54.16,1,1037.4
E0590,2025,1,1,Comercio,Media,54.16,1,1261.5
E0591,2022,0,0,Agroindustria,Pequena,14.19,1,434.9
E0591,2025,1,0,Agroindustria,Pequena,14.19,1,659.1
E0592,2022,0,0,Agroindustria,Micro,2.33,0,462.2
E0592,2025,1,0,Agroindustria,Micro,2.33,0,658.6
E0593,2022,0,0,Agropecuaria,Micro,1.84,0,652.3
E0593,2025,1,0,Agropecuaria,Micro,1.84,0,753.3
E0594,2022,0,1,Agropecuaria,Media,70.74,0,1114.7
E0594,2025,1,1,Agropecuaria,Media,70.74,0,1576.0
E0595,2022,0,0,Agropecuaria,Media,78.26,1,831.2
E0595,2025,1,0,Agropecuaria,Media,78.26,1,1020.2
E0596,2022,0,0,Servicos,Micro,1.11,0,630.7
E0596,2025,1,0,Servicos,Micro,1.11,0,872.9
E0597,2022,0,1,Agroindustria,Media,83.51,0,926.9
E0597,2025,1,1,Agroindustria,Media,83.51,0,1152.1
E0598,2022,0,1,Industria,Pequena,12.04,0,578.6
E0598,2025,1,1,Industria,Pequena,12.04,0,650.2
E0599,2022,0,0,Servicos,Micro,1.67,0,560.0
E0599,2025,1,0,Servicos,Micro,1.67,0,1071.3
E0600,2022,0,1,Comercio,Pequena,8.84,0,831.7
E0600,2025,1,1,Comercio,Pequena,8.84,0,1182.2
E0601,2022,0,1,Comercio,Media,19.07,1,662.2
E0601,2025,1,1,Comercio,Media,19.07,1,952.9
E0602,2022,0,0,Servicos,Micro,2.24,0,183.3
E0602,2025,1,0,Servicos,Micro,2.24,0,268.0
E0603,2022,0,0,Industria,Pequena,7.18,0,775.2
E0603,2025,1,0,Industria,Pequena,7.18,0,1184.3
E0604,2022,0,0,Comercio,Pequena,7.09,0,320.8
E0604,2025,1,0,Comercio,Pequena,7.09,0,510.8
E0605,2022,0,0,Industria,Micro,2.25,0,419.3
E0605,2025,1,0,Industria,Micro,2.25,0,584.8
E0606,2022,0,1,Industria,Pequena,7.55,0,741.7
E0606,2025,1,1,Industria,Pequena,7.55,0,994.6
E0607,2022,0,1,Comercio,Pequena,9.18,0,766.9
E0607,2025,1,1,Comercio,Pequena,9.18,0,1141.0
E0608,2022,0,0,Industria,Micro,1.05,0,109.8
E0608,2025,1,0,Industria,Micro,1.05,0,201.0
E0609,2022,0,0,Industria,Media,69.88,1,879.7
E0609,2025,1,0,Industria,Media,69.88,1,926.5
E0610,2022,0,1,Agroindustria,Pequena,5.0,1,380.6
E0610,2025,1,1,Agroindustria,Pequena,5.0,1,785.9
E0611,2022,0,0,Agroindustria,Micro,4.6,0,409.5
E0611,2025,1,0,Agroindustria,Micro,4.6,0,358.6
E0612,2022,0,1,Servicos,Pequena,5.23,1,1109.8
E0612,2025,1,1,Servicos,Pequena,5.23,1,1235.0
E0613,2022,0,1,Servicos,Pequena,15.64,0,763.8
E0613,2025,1,1,Servicos,Pequena,15.64,0,985.1
E0614,2022,0,1,Agropecuaria,Media,21.69,1,697.2
E0614,2025,1,1,Agropecuaria,Media,21.69,1,1100.9
E0615,2022,0,0,Servicos,Micro,3.1,0,282.1
E0615,2025,1,0,Servicos,Micro,3.1,0,470.8
E0616,2022,0,1,Comercio,Media,77.73,1,787.4
E0616,2025,1,1,Comercio,Media,77.73,1,1207.0
E0617,2022,0,1,Agroindustria,Pequena,6.84,1,596.8
E0617,2025,1,1,Agroindustria,Pequena,6.84,1,1044.8
E0618,2022,0,0,Comercio,Pequena,15.55,0,703.5
E0618,2025,1,0,Comercio,Pequena,15.55,0,892.9
E0619,2022,0,1,Industria,Media,87.85,1,1312.0
E0619,2025,1,1,Industria,Media,87.85,1,1573.9
E0620,2022,0,1,Agroindustria,Media,67.92,1,935.9
E0620,2025,1,1,Agroindustria,Media,67.92,1,1305.7
E0621,2022,0,0,Comercio,Pequena,5.3,0,471.2
E0621,2025,1,0,Comercio,Pequena,5.3,0,746.2
E0622,2022,0,0,Servicos,Pequena,7.95,0,345.3
E0622,2025,1,0,Servicos,Pequena,7.95,0,421.8
E0623,2022,0,0,Agropecuaria,Pequena,8.26,0,518.0
E0623,2025,1,0,Agropecuaria,Pequena,8.26,0,685.7
E0624,2022,0,1,Industria,Pequena,15.36,1,457.5
E0624,2025,1,1,Industria,Pequena,15.36,1,878.8
E0625,2022,0,1,Comercio,Media,17.05,1,748.3
E0625,2025,1,1,Comercio,Media,17.05,1,1103.2
E0626,2022,0,1,Industria,Micro,2.59,0,427.9
E0626,2025,1,1,Industria,Micro,2.59,0,1026.6
E0627,2022,0,0,Industria,Pequena,14.72,0,661.0
E0627,2025,1,0,Industria,Pequena,14.72,0,748.3
E0628,2022,0,0,Comercio,Pequena,11.46,0,783.4
E0628,2025,1,0,Comercio,Pequena,11.46,0,954.8
E0629,2022,0,0,Industria,Micro,1.78,0,440.7
E0629,2025,1,0,Industria,Micro,1.78,0,338.1
E0630,2022,0,1,Servicos,Pequena,13.22,0,917.8
E0630,2025,1,1,Servicos,Pequena,13.22,0,1228.3
E0631,2022,0,1,Servicos,Media,20.59,1,942.5
E0631,2025,1,1,Servicos,Media,20.59,1,1363.9
E0632,2022,0,0,Industria,Pequena,10.46,0,695.3
E0632,2025,1,0,Industria,Pequena,10.46,0,897.7
E0633,2022,0,0,Servicos,Micro,1.6,0,302.3
E0633,2025,1,0,Servicos,Micro,1.6,0,528.1
E0634,2022,0,0,Agroindustria,Pequena,15.7,0,693.2
E0634,2025,1,0,Agroindustria,Pequena,15.7,0,953.0
E0635,2022,0,1,Agropecuaria,Media,45.83,1,818.4
E0635,2025,1,1,Agropecuaria,Media,45.83,1,1140.6
E0636,2022,0,0,Agropecuaria,Micro,1.92,0,305.9
E0636,2025,1,0,Agropecuaria,Micro,1.92,0,554.8
E0637,2022,0,0,Comercio,Pequena,15.65,0,670.4
E0637,2025,1,0,Comercio,Pequena,15.65,0,856.4
E0638,2022,0,0,Comercio,Micro,1.18,0,299.5
E0638,2025,1,0,Comercio,Micro,1.18,0,390.6
E0639,2022,0,0,Comercio,Media,44.18,0,741.5
E0639,2025,1,0,Comercio,Media,44.18,0,983.2
E0640,2022,0,1,Agroindustria,Media,18.92,1,781.1
E0640,2025,1,1,Agroindustria,Media,18.92,1,1051.0
E0641,2022,0,0,Servicos,Micro,1.38,0,266.0
E0641,2025,1,0,Servicos,Micro,1.38,0,379.7
E0642,2022,0,1,Comercio,Pequena,10.65,0,459.5
E0642,2025,1,1,Comercio,Pequena,10.65,0,856.9
E0643,2022,0,0,Agropecuaria,Pequena,9.98,0,610.7
E0643,2025,1,0,Agropecuaria,Pequena,9.98,0,694.2
E0644,2022,0,0,Servicos,Pequena,8.89,0,704.5
E0644,2025,1,0,Servicos,Pequena,8.89,0,878.0
E0645,2022,0,0,Agropecuaria,Micro,3.47,0,520.7
E0645,2025,1,0,Agropecuaria,Micro,3.47,0,793.0
E0646,2022,0,0,Agroindustria,Micro,1.31,0,226.6
E0646,2025,1,0,Agroindustria,Micro,1.31,0,327.5
E0647,2022,0,0,Servicos,Pequena,12.52,0,521.9
E0647,2025,1,0,Servicos,Pequena,12.52,0,659.1
E0648,2022,0,0,Industria,Pequena,15.22,0,336.8
E0648,2025,1,0,Industria,Pequena,15.22,0,495.0
E0649,2022,0,0,Agropecuaria,Pequena,12.07,0,262.1
E0649,2025,1,0,Agropecuaria,Pequena,12.07,0,587.3
E0650,2022,0,1,Comercio,Media,77.33,1,1144.7
E0650,2025,1,1,Comercio,Media,77.33,1,1468.6
E0651,2022,0,0,Agroindustria,Pequena,10.27,0,543.4
E0651,2025,1,0,Agroindustria,Pequena,10.27,0,760.0
E0652,2022,0,1,Servicos,Media,51.74,1,1087.3
E0652,2025,1,1,Servicos,Media,51.74,1,1685.4
E0653,2022,0,0,Industria,Media,27.51,0,787.7
E0653,2025,1,0,Industria,Media,27.51,0,777.5
E0654,2022,0,0,Comercio,Media,75.08,1,716.7
E0654,2025,1,0,Comercio,Media,75.08,1,972.8
E0655,2022,0,0,Industria,Micro,2.96,0,63.9
E0655,2025,1,0,Industria,Micro,2.96,0,32.4
E0656,2022,0,0,Comercio,Pequena,11.71,0,784.3
E0656,2025,1,0,Comercio,Pequena,11.71,0,889.2
E0657,2022,0,1,Comercio,Media,53.18,1,1146.3
E0657,2025,1,1,Comercio,Media,53.18,1,1546.3
E0658,2022,0,0,Agropecuaria,Pequena,6.29,0,662.6
E0658,2025,1,0,Agropecuaria,Pequena,6.29,0,954.3
E0659,2022,0,1,Agroindustria,Micro,2.85,1,630.0
E0659,2025,1,1,Agroindustria,Micro,2.85,1,1057.2
E0660,2022,0,1,Agroindustria,Media,29.04,1,1072.8
E0660,2025,1,1,Agroindustria,Media,29.04,1,1425.1
E0661,2022,0,1,Servicos,Media,56.51,0,830.1
E0661,2025,1,1,Servicos,Media,56.51,0,1138.7
E0662,2022,0,0,Industria,Pequena,10.93,0,561.1
E0662,2025,1,0,Industria,Pequena,10.93,0,570.2
E0663,2022,0,1,Agroindustria,Media,79.35,0,1056.7
E0663,2025,1,1,Agroindustria,Media,79.35,0,1313.7
E0664,2022,0,0,Agropecuaria,Pequena,8.33,0,253.1
E0664,2025,1,0,Agropecuaria,Pequena,8.33,0,483.0
E0665,2022,0,1,Comercio,Media,62.91,1,760.1
E0665,2025,1,1,Comercio,Media,62.91,1,970.3
E0666,2022,0,0,Comercio,Pequena,9.0,1,606.0
E0666,2025,1,0,Comercio,Pequena,9.0,1,697.5
E0667,2022,0,1,Servicos,Media,74.87,1,567.0
E0667,2025,1,1,Servicos,Media,74.87,1,916.3
E0668,2022,0,0,Industria,Media,21.21,1,1117.9
E0668,2025,1,0,Industria,Media,21.21,1,1334.4
E0669,2022,0,0,Agroindustria,Micro,2.8,0,771.4
E0669,2025,1,0,Agroindustria,Micro,2.8,0,1013.7
E0670,2022,0,0,Comercio,Pequena,5.08,0,464.6
E0670,2025,1,0,Comercio,Pequena,5.08,0,512.9
E0671,2022,0,0,Comercio,Micro,1.9,0,518.8
E0671,2025,1,0,Comercio,Micro,1.9,0,790.2
E0672,2022,0,0,Agroindustria,Pequena,15.54,0,719.0
E0672,2025,1,0,Agroindustria,Pequena,15.54,0,1028.8
E0673,2022,0,0,Industria,Pequena,11.6,0,468.0
E0673,2025,1,0,Industria,Pequena,11.6,0,531.1
E0674,2022,0,1,Agropecuaria,Media,73.91,1,990.3
E0674,2025,1,1,Agropecuaria,Media,73.91,1,1284.5
E0675,2022,0,0,Comercio,Pequena,12.92,0,575.8
E0675,2025,1,0,Comercio,Pequena,12.92,0,793.6
E0676,2022,0,0,Comercio,Media,41.51,1,842.2
E0676,2025,1,0,Comercio,Media,41.51,1,927.9
E0677,2022,0,0,Agropecuaria,Micro,4.59,1,536.8
E0677,2025,1,0,Agropecuaria,Micro,4.59,1,635.9
E0678,2022,0,1,Agropecuaria,Media,18.11,1,860.3
E0678,2025,1,1,Agropecuaria,Media,18.11,1,961.7
E0679,2022,0,0,Agroindustria,Pequena,6.96,0,723.9
E0679,2025,1,0,Agroindustria,Pequena,6.96,0,804.8
E0680,2022,0,0,Industria,Pequena,13.07,0,645.7
E0680,2025,1,0,Industria,Pequena,13.07,0,696.0
E0681,2022,0,1,Servicos,Pequena,10.91,1,449.5
E0681,2025,1,1,Servicos,Pequena,10.91,1,634.7
E0682,2022,0,1,Comercio,Media,52.5,1,1099.9
E0682,2025,1,1,Comercio,Media,52.5,1,1358.7
E0683,2022,0,0,Industria,Micro,4.06,0,195.2
E0683,2025,1,0,Industria,Micro,4.06,0,225.4
E0684,2022,0,1,Agroindustria,Pequena,15.3,1,163.2
E0684,2025,1,1,Agroindustria,Pequena,15.3,1,467.2
E0685,2022,0,0,Agropecuaria,Pequena,7.41,0,352.3
E0685,2025,1,0,Agropecuaria,Pequena,7.41,0,539.1
E0686,2022,0,1,Servicos,Pequena,12.15,1,349.3
E0686,2025,1,1,Servicos,Pequena,12.15,1,709.9
E0687,2022,0,0,Agroindustria,Micro,3.73,0,633.3
E0687,2025,1,0,Agroindustria,Micro,3.73,0,760.1
E0688,2022,0,1,Industria,Media,81.39,1,724.8
E0688,2025,1,1,Industria,Media,81.39,1,993.2
E0689,2022,0,0,Agroindustria,Micro,0.79,0,438.9
E0689,2025,1,0,Agroindustria,Micro,0.79,0,464.4
E0690,2022,0,1,Agropecuaria,Media,56.32,1,1079.1
E0690,2025,1,1,Agropecuaria,Media,56.32,1,1214.1
E0691,2022,0,1,Agroindustria,Media,68.46,0,1161.7
E0691,2025,1,1,Agroindustria,Media,68.46,0,1442.9
E0692,2022,0,1,Agroindustria,Media,78.74,1,906.2
E0692,2025,1,1,Agroindustria,Media,78.74,1,1085.9
E0693,2022,0,0,Industria,Micro,2.45,0,86.6
E0693,2025,1,0,Industria,Micro,2.45,0,144.9
E0694,2022,0,0,Industria,Micro,3.83,0,22.5
E0694,2025,1,0,Industria,Micro,3.83,0,164.0
E0695,2022,0,1,Industria,Pequena,13.56,1,775.7
E0695,2025,1,1,Industria,Pequena,13.56,1,1007.2
E0696,2022,0,0,Agropecuaria,Pequena,13.16,0,703.2
E0696,2025,1,0,Agropecuaria,Pequena,13.16,0,914.6
E0697,2022,0,1,Industria,Media,84.62,1,982.7
E0697,2025,1,1,Industria,Media,84.62,1,1453.1
E0698,2022,0,0,Industria,Media,29.84,1,812.2
E0698,2025,1,0,Industria,Media,29.84,1,976.9
E0699,2022,0,0,Agroindustria,Micro,3.81,0,173.8
E0699,2025,1,0,Agroindustria,Micro,3.81,0,291.7
E0700,2022,0,0,Agroindustria,Pequena,8.31,0,822.3
E0700,2025,1,0,Agroindustria,Pequena,8.31,0,1078.1
E0701,2022,0,1,Agropecuaria,Micro,2.76,0,274.7
E0701,2025,1,1,Agropecuaria,Micro,2.76,0,616.1
E0702,2022,0,0,Agroindustria,Pequena,15.16,0,153.6
E0702,2025,1,0,Agroindustria,Pequena,15.16,0,367.3
E0703,2022,0,1,Comercio,Media,56.25,1,749.2
E0703,2025,1,1,Comercio,Media,56.25,1,991.1
E0704,2022,0,1,Agropecuaria,Media,45.36,1,1234.8
E0704,2025,1,1,Agropecuaria,Media,45.36,1,1693.8
E0705,2022,0,1,Agroindustria,Media,47.22,1,946.7
E0705,2025,1,1,Agroindustria,Media,47.22,1,1324.6
E0706,2022,0,1,Servicos,Media,49.44,1,860.3
E0706,2025,1,1,Servicos,Media,49.44,1,1457.2
E0707,2022,0,1,Agroindustria,Pequena,6.91,1,619.6
E0707,2025,1,1,Agroindustria,Pequena,6.91,1,923.9
E0708,2022,0,0,Servicos,Micro,4.6,0,702.6
E0708,2025,1,0,Servicos,Micro,4.6,0,905.5
E0709,2022,0,1,Agropecuaria,Media,29.78,1,546.3
E0709,2025,1,1,Agropecuaria,Media,29.78,1,833.7
E0710,2022,0,0,Industria,Micro,0.9,0,562.6
E0710,2025,1,0,Industria,Micro,0.9,0,808.6
E0711,2022,0,0,Industria,Pequena,15.38,1,259.1
E0711,2025,1,0,Industria,Pequena,15.38,1,438.1
E0712,2022,0,0,Comercio,Micro,0.82,0,566.5
E0712,2025,1,0,Comercio,Micro,0.82,0,582.6
E0713,2022,0,0,Servicos,Micro,0.83,0,620.2
E0713,2025,1,0,Servicos,Micro,0.83,0,808.9
E0714,2022,0,0,Industria,Pequena,13.24,0,650.2
E0714,2025,1,0,Industria,Pequena,13.24,0,928.8
E0715,2022,0,0,Agropecuaria,Pequena,11.54,0,651.8
E0715,2025,1,0,Agropecuaria,Pequena,11.54,0,765.2
E0716,2022,0,0,Industria,Micro,1.09,0,581.7
E0716,2025,1,0,Industria,Micro,1.09,0,652.5
E0717,2022,0,1,Comercio,Media,57.14,1,1020.3
E0717,2025,1,1,Comercio,Media,57.14,1,1626.3
E0718,2022,0,1,Servicos,Micro,1.28,1,735.5
E0718,2025,1,1,Servicos,Micro,1.28,1,1151.6
E0719,2022,0,1,Industria,Pequena,6.68,0,164.7
E0719,2025,1,1,Industria,Pequena,6.68,0,564.8
E0720,2022,0,0,Comercio,Pequena,13.62,0,471.7
E0720,2025,1,0,Comercio,Pequena,13.62,0,643.3
E0721,2022,0,1,Agroindustria,Media,34.34,1,849.8
E0721,2025,1,1,Agroindustria,Media,34.34,1,1277.6
E0722,2022,0,0,Servicos,Pequena,6.26,0,541.3
E0722,2025,1,0,Servicos,Pequena,6.26,0,773.2
E0723,2022,0,0,Agropecuaria,Micro,1.37,0,782.3
E0723,2025,1,0,Agropecuaria,Micro,1.37,0,1167.2
E0724,2022,0,0,Industria,Pequena,14.28,0,885.6
E0724,2025,1,0,Industria,Pequena,14.28,0,1037.1
E0725,2022,0,0,Agropecuaria,Pequena,5.73,0,450.2
E0725,2025,1,0,Agropecuaria,Pequena,5.73,0,839.7
E0726,2022,0,1,Servicos,Media,63.72,1,942.3
E0726,2025,1,1,Servicos,Media,63.72,1,1374.9
E0727,2022,0,1,Agroindustria,Media,59.33,1,862.6
E0727,2025,1,1,Agroindustria,Media,59.33,1,1095.4
E0728,2022,0,0,Industria,Media,38.59,0,785.2
E0728,2025,1,0,Industria,Media,38.59,0,1059.9
E0729,2022,0,0,Agroindustria,Micro,3.96,0,369.3
E0729,2025,1,0,Agroindustria,Micro,3.96,0,391.5
E0730,2022,0,0,Servicos,Media,47.6,1,814.8
E0730,2025,1,0,Servicos,Media,47.6,1,1051.6
E0731,2022,0,0,Comercio,Micro,1.32,0,339.1
E0731,2025,1,0,Comercio,Micro,1.32,0,653.4
E0732,2022,0,0,Agroindustria,Pequena,9.05,0,705.8
E0732,2025,1,0,Agroindustria,Pequena,9.05,0,928.5
E0733,2022,0,0,Comercio,Media,75.82,1,557.2
E0733,2025,1,0,Comercio,Media,75.82,1,647.6
E0734,2022,0,0,Servicos,Pequena,15.52,0,615.9
E0734,2025,1,0,Servicos,Pequena,15.52,0,727.5
E0735,2022,0,1,Agropecuaria,Media,28.95,1,802.7
E0735,2025,1,1,Agropecuaria,Media,28.95,1,1025.1
E0736,2022,0,1,Agroindustria,Media,26.3,0,779.9
E0736,2025,1,1,Agroindustria,Media,26.3,0,1132.6
E0737,2022,0,0,Servicos,Pequena,6.1,0,843.3
E0737,2025,1,0,Servicos,Pequena,6.1,0,990.3
E0738,2022,0,1,Comercio,Media,81.28,1,658.1
E0738,2025,1,1,Comercio,Media,81.28,1,925.2
E0739,2022,0,0,Industria,Micro,4.08,0,322.8
E0739,2025,1,0,Industria,Micro,4.08,0,638.6
E0740,2022,0,0,Industria,Micro,2.4,0,409.6
E0740,2025,1,0,Industria,Micro,2.4,0,560.6
E0741,2022,0,0,Servicos,Micro,3.71,0,519.7
E0741,2025,1,0,Servicos,Micro,3.71,0,624.6
E0742,2022,0,0,Servicos,Pequena,9.75,0,561.3
E0742,2025,1,0,Servicos,Pequena,9.75,0,823.9
E0743,2022,0,1,Agropecuaria,Media,35.6,0,1240.1
E0743,2025,1,1,Agropecuaria,Media,35.6,0,1516.3
E0744,2022,0,0,Industria,Pequena,9.41,0,474.2
E0744,2025,1,0,Industria,Pequena,9.41,0,732.6
E0745,2022,0,1,Comercio,Media,89.6,1,938.5
E0745,2025,1,1,Comercio,Media,89.6,1,1197.2
E0746,2022,0,1,Agroindustria,Media,40.5,1,1015.7
E0746,2025,1,1,Agroindustria,Media,40.5,1,1315.1
E0747,2022,0,0,Agroindustria,Micro,1.8,0,181.6
E0747,2025,1,0,Agroindustria,Micro,1.8,0,244.8
E0748,2022,0,1,Industria,Media,21.79,1,1065.6
E0748,2025,1,1,Industria,Media,21.79,1,1334.5
E0749,2022,0,0,Industria,Micro,4.49,0,745.7
E0749,2025,1,0,Industria,Micro,4.49,0,722.9
E0750,2022,0,0,Agroindustria,Micro,1.27,0,243.9
E0750,2025,1,0,Agroindustria,Micro,1.27,0,519.7
E0751,2022,0,0,Agropecuaria,Micro,2.44,0,20.0
E0751,2025,1,0,Agropecuaria,Micro,2.44,0,309.6
E0752,2022,0,0,Servicos,Pequena,10.34,0,509.8
E0752,2025,1,0,Servicos,Pequena,10.34,0,707.2
E0753,2022,0,0,Comercio,Micro,3.69,0,319.6
E0753,2025,1,0,Comercio,Micro,3.69,0,642.4
E0754,2022,0,0,Servicos,Micro,0.68,0,134.8
E0754,2025,1,0,Servicos,Micro,0.68,0,0.0
E0755,2022,0,0,Servicos,Media,39.48,0,769.3
E0755,2025,1,0,Servicos,Media,39.48,0,898.8
E0756,2022,0,0,Servicos,Pequena,13.63,1,637.2
E0756,2025,1,0,Servicos,Pequena,13.63,1,720.3
E0757,2022,0,0,Comercio,Micro,1.91,0,491.7
E0757,2025,1,0,Comercio,Micro,1.91,0,734.5
E0758,2022,0,0,Agroindustria,Pequena,10.17,0,514.5
E0758,2025,1,0,Agroindustria,Pequena,10.17,0,567.3
E0759,2022,0,0,Comercio,Micro,2.43,0,334.8
E0759,2025,1,0,Comercio,Micro,2.43,0,381.7
E0760,2022,0,0,Agropecuaria,Pequena,14.32,0,613.4
E0760,2025,1,0,Agropecuaria,Pequena,14.32,0,650.6
E0761,2022,0,1,Servicos,Media,25.89,0,904.1
E0761,2025,1,1,Servicos,Media,25.89,0,1149.0
E0762,2022,0,0,Agropecuaria,Pequena,15.89,0,702.1
E0762,2025,1,0,Agropecuaria,Pequena,15.89,0,808.3
E0763,2022,0,0,Comercio,Micro,4.07,0,437.2
E0763,2025,1,0,Comercio,Micro,4.07,0,704.9
E0764,2022,0,0,Servicos,Micro,2.34,0,257.3
E0764,2025,1,0,Servicos,Micro,2.34,0,389.0
E0765,2022,0,0,Servicos,Micro,3.04,0,210.8
E0765,2025,1,0,Servicos,Micro,3.04,0,351.8
E0766,2022,0,0,Agroindustria,Micro,2.15,0,170.1
E0766,2025,1,0,Agroindustria,Micro,2.15,0,295.9
E0767,2022,0,0,Servicos,Media,17.49,1,863.6
E0767,2025,1,0,Servicos,Media,17.49,1,1272.0
E0768,2022,0,0,Agroindustria,Pequena,13.22,0,592.6
E0768,2025,1,0,Agroindustria,Pequena,13.22,0,798.3
E0769,2022,0,0,Servicos,Micro,2.04,0,364.7
E0769,2025,1,0,Servicos,Micro,2.04,0,647.1
E0770,2022,0,0,Industria,Media,35.37,1,677.5
E0770,2025,1,0,Industria,Media,35.37,1,832.9
E0771,2022,0,0,Agropecuaria,Pequena,10.19,0,504.1
E0771,2025,1,0,Agropecuaria,Pequena,10.19,0,717.9
E0772,2022,0,1,Servicos,Pequena,15.52,1,800.5
E0772,2025,1,1,Servicos,Pequena,15.52,1,1055.1
E0773,2022,0,1,Agropecuaria,Media,44.42,1,1007.3
E0773,2025,1,1,Agropecuaria,Media,44.42,1,1295.2
E0774,2022,0,0,Servicos,Pequena,8.4,0,518.9
E0774,2025,1,0,Servicos,Pequena,8.4,0,362.9
E0775,2022,0,0,Agropecuaria,Micro,1.54,0,321.9
E0775,2025,1,0,Agropecuaria,Micro,1.54,0,325.3
E0776,2022,0,0,Comercio,Pequena,6.01,0,672.9
E0776,2025,1,0,Comercio,Pequena,6.01,0,940.8
E0777,2022,0,0,Industria,Pequena,11.18,0,576.5
E0777,2025,1,0,Industria,Pequena,11.18,0,962.9
E0778,2022,0,0,Comercio,Pequena,7.41,0,227.4
E0778,2025,1,0,Comercio,Pequena,7.41,0,461.2
E0779,2022,0,0,Comercio,Pequena,13.54,0,515.3
E0779,2025,1,0,Comercio,Pequena,13.54,0,491.6
E0780,2022,0,0,Agropecuaria,Micro,1.54,0,287.9
E0780,2025,1,0,Agropecuaria,Micro,1.54,0,516.8
E0781,2022,0,1,Industria,Micro,2.8,0,210.2
E0781,2025,1,1,Industria,Micro,2.8,0,745.0
E0782,2022,0,1,Servicos,Micro,2.98,1,578.0
E0782,2025,1,1,Servicos,Micro,2.98,1,978.3
E0783,2022,0,0,Industria,Pequena,15.72,1,449.9
E0783,2025,1,0,Industria,Pequena,15.72,1,671.7
E0784,2022,0,1,Comercio,Pequena,10.24,0,434.0
E0784,2025,1,1,Comercio,Pequena,10.24,0,565.3
E0785,2022,0,0,Comercio,Micro,2.38,0,522.3
E0785,2025,1,0,Comercio,Micro,2.38,0,799.3
E0786,2022,0,0,Servicos,Pequena,11.23,0,772.9
E0786,2025,1,0,Servicos,Pequena,11.23,0,957.1
E0787,2022,0,0,Industria,Media,56.5,1,634.6
E0787,2025,1,0,Industria,Media,56.5,1,1035.4
E0788,2022,0,0,Servicos,Pequena,15.32,0,547.1
E0788,2025,1,0,Servicos,Pequena,15.32,0,774.0
E0789,2022,0,1,Agroindustria,Pequena,14.05,1,393.5
E0789,2025,1,1,Agroindustria,Pequena,14.05,1,616.7
E0790,2022,0,1,Agropecuaria,Media,71.26,1,722.9
E0790,2025,1,1,Agropecuaria,Media,71.26,1,960.1
E0791,2022,0,1,Agroindustria,Media,86.77,1,882.1
E0791,2025,1,1,Agroindustria,Media,86.77,1,1225.3
E0792,2022,0,0,Industria,Media,82.78,0,1008.8
E0792,2025,1,0,Industria,Media,82.78,0,1280.5
E0793,2022,0,0,Servicos,Pequena,6.21,0,801.3
E0793,2025,1,0,Servicos,Pequena,6.21,0,962.7
E0794,2022,0,0,Agropecuaria,Pequena,8.25,0,790.3
E0794,2025,1,0,Agropecuaria,Pequena,8.25,0,945.4
E0795,2022,0,0,Comercio,Pequena,8.28,0,741.1
E0795,2025,1,0,Comercio,Pequena,8.28,0,1041.1
E0796,2022,0,1,Agroindustria,Pequena,6.78,0,525.2
E0796,2025,1,1,Agroindustria,Pequena,6.78,0,738.0
E0797,2022,0,1,Servicos,Media,27.11,1,811.4
E0797,2025,1,1,Servicos,Media,27.11,1,999.0
E0798,2022,0,0,Agroindustria,Micro,3.68,0,339.0
E0798,2025,1,0,Agroindustria,Micro,3.68,0,464.1
E0799,2022,0,0,Comercio,Pequena,8.52,0,395.3
E0799,2025,1,0,Comercio,Pequena,8.52,0,557.5
E0800,2022,0,0,Comercio,Micro,2.78,0,281.3
E0800,2025,1,0,Comercio,Micro,2.78,0,267.3
E0801,2022,0,0,Industria,Media,56.88,1,899.4
E0801,2025,1,0,Industria,Media,56.88,1,1366.4
E0802,2022,0,0,Industria,Pequena,6.88,0,508.7
E0802,2025,1,0,Industria,Pequena,6.88,0,730.9
E0803,2022,0,0,Agroindustria,Pequena,13.66,0,754.4
E0803,2025,1,0,Agroindustria,Pequena,13.66,0,888.4
E0804,2022,0,1,Agroindustria,Media,33.29,1,921.2
E0804,2025,1,1,Agroindustria,Media,33.29,1,1230.9
E0805,2022,0,1,Comercio,Media,61.35,1,719.4
E0805,2025,1,1,Comercio,Media,61.35,1,927.9
E0806,2022,0,1,Agropecuaria,Media,44.39,1,648.8
E0806,2025,1,1,Agropecuaria,Media,44.39,1,1069.1
E0807,2022,0,0,Agroindustria,Micro,2.56,0,148.1
E0807,2025,1,0,Agroindustria,Micro,2.56,0,195.2
E0808,2022,0,1,Agroindustria,Media,35.34,1,1128.9
E0808,2025,1,1,Agroindustria,Media,35.34,1,1485.6
E0809,2022,0,0,Agropecuaria,Micro,4.7,0,594.8
E0809,2025,1,0,Agropecuaria,Micro,4.7,0,877.6
E0810,2022,0,0,Agroindustria,Pequena,15.66,0,608.5
E0810,2025,1,0,Agroindustria,Pequena,15.66,0,696.4
E0811,2022,0,0,Agroindustria,Pequena,5.37,1,481.9
E0811,2025,1,0,Agroindustria,Pequena,5.37,1,919.9
E0812,2022,0,1,Servicos,Media,23.83,1,1032.9
E0812,2025,1,1,Servicos,Media,23.83,1,1342.1
E0813,2022,0,0,Industria,Media,67.66,1,1211.8
E0813,2025,1,0,Industria,Media,67.66,1,1282.2
E0814,2022,0,0,Industria,Pequena,15.03,0,887.3
E0814,2025,1,0,Industria,Pequena,15.03,0,1099.6
E0815,2022,0,1,Agroindustria,Pequena,7.42,1,536.5
E0815,2025,1,1,Agroindustria,Pequena,7.42,1,989.0
E0816,2022,0,1,Servicos,Micro,4.7,0,621.9
E0816,2025,1,1,Servicos,Micro,4.7,0,1100.7
E0817,2022,0,0,Agropecuaria,Micro,4.75,0,848.9
E0817,2025,1,0,Agropecuaria,Micro,4.75,0,1100.8
E0818,2022,0,1,Servicos,Media,25.4,1,1098.7
E0818,2025,1,1,Servicos,Media,25.4,1,1522.1
E0819,2022,0,0,Comercio,Pequena,12.37,0,169.9
E0819,2025,1,0,Comercio,Pequena,12.37,0,354.4
E0820,2022,0,1,Industria,Micro,0.54,0,566.6
E0820,2025,1,1,Industria,Micro,0.54,0,632.0
E0821,2022,0,0,Agropecuaria,Pequena,14.05,0,509.6
E0821,2025,1,0,Agropecuaria,Pequena,14.05,0,523.5
E0822,2022,0,0,Servicos,Pequena,14.68,0,413.4
E0822,2025,1,0,Servicos,Pequena,14.68,0,632.1
E0823,2022,0,0,Industria,Micro,0.92,0,488.1
E0823,2025,1,0,Industria,Micro,0.92,0,409.7
E0824,2022,0,1,Industria,Micro,0.46,0,462.4
E0824,2025,1,1,Industria,Micro,0.46,0,738.8
E0825,2022,0,1,Agroindustria,Media,56.96,1,879.2
E0825,2025,1,1,Agroindustria,Media,56.96,1,1101.5
E0826,2022,0,0,Servicos,Media,26.06,0,628.5
E0826,2025,1,0,Servicos,Media,26.06,0,1074.4
E0827,2022,0,0,Servicos,Micro,2.7,0,343.8
E0827,2025,1,0,Servicos,Micro,2.7,0,689.2
E0828,2022,0,0,Agropecuaria,Pequena,6.61,0,448.6
E0828,2025,1,0,Agropecuaria,Pequena,6.61,0,521.8
E0829,2022,0,0,Comercio,Micro,4.14,0,611.3
E0829,2025,1,0,Comercio,Micro,4.14,0,873.2
E0830,2022,0,0,Industria,Pequena,12.93,0,489.8
E0830,2025,1,0,Industria,Pequena,12.93,0,763.1
E0831,2022,0,0,Agroindustria,Pequena,9.44,1,449.0
E0831,2025,1,0,Agroindustria,Pequena,9.44,1,354.2
E0832,2022,0,0,Agropecuaria,Pequena,13.33,1,200.4
E0832,2025,1,0,Agropecuaria,Pequena,13.33,1,433.1
E0833,2022,0,1,Servicos,Micro,1.91,1,416.1
E0833,2025,1,1,Servicos,Micro,1.91,1,622.6
E0834,2022,0,1,Servicos,Micro,3.89,0,837.5
E0834,2025,1,1,Servicos,Micro,3.89,0,1093.1
E0835,2022,0,0,Industria,Media,76.69,0,836.5
E0835,2025,1,0,Industria,Media,76.69,0,1033.3
E0836,2022,0,1,Comercio,Pequena,6.84,1,436.6
E0836,2025,1,1,Comercio,Pequena,6.84,1,646.0
E0837,2022,0,1,Agropecuaria,Pequena,5.33,1,857.6
E0837,2025,1,1,Agropecuaria,Pequena,5.33,1,1049.6
E0838,2022,0,0,Agroindustria,Pequena,5.67,0,537.9
E0838,2025,1,0,Agroindustria,Pequena,5.67,0,789.1
E0839,2022,0,1,Agroindustria,Micro,2.81,1,130.4
E0839,2025,1,1,Agroindustria,Micro,2.81,1,287.1
E0840,2022,0,1,Industria,Media,85.69,1,708.0
E0840,2025,1,1,Industria,Media,85.69,1,1206.3
E0841,2022,0,1,Servicos,Media,22.25,1,734.8
E0841,2025,1,1,Servicos,Media,22.25,1,1160.2
E0842,2022,0,1,Industria,Media,20.54,1,1045.8
E0842,2025,1,1,Industria,Media,20.54,1,1516.8
E0843,2022,0,0,Servicos,Pequena,12.88,0,604.6
E0843,2025,1,0,Servicos,Pequena,12.88,0,860.6
E0844,2022,0,0,Industria,Micro,1.68,0,612.5
E0844,2025,1,0,Industria,Micro,1.68,0,740.4
E0845,2022,0,0,Agroindustria,Pequena,6.62,0,530.6
E0845,2025,1,0,Agroindustria,Pequena,6.62,0,712.2
E0846,2022,0,1,Agropecuaria,Media,18.87,1,740.1
E0846,2025,1,1,Agropecuaria,Media,18.87,1,852.2
E0847,2022,0,0,Comercio,Pequena,15.15,0,610.5
E0847,2025,1,0,Comercio,Pequena,15.15,0,949.2
E0848,2022,0,0,Industria,Micro,0.98,0,406.3
E0848,2025,1,0,Industria,Micro,0.98,0,641.5
E0849,2022,0,0,Comercio,Pequena,6.41,0,540.2
E0849,2025,1,0,Comercio,Pequena,6.41,0,856.2
E0850,2022,0,1,Agropecuaria,Micro,4.14,1,807.1
E0850,2025,1,1,Agropecuaria,Micro,4.14,1,1208.0
E0851,2022,0,1,Industria,Media,80.42,1,948.4
E0851,2025,1,1,Industria,Media,80.42,1,1332.4
E0852,2022,0,0,Industria,Pequena,8.95,0,478.0
E0852,2025,1,0,Industria,Pequena,8.95,0,688.1
E0853,2022,0,0,Agroindustria,Micro,3.77,0,476.0
E0853,2025,1,0,Agroindustria,Micro,3.77,0,692.3
E0854,2022,0,1,Comercio,Media,73.64,1,931.2
E0854,2025,1,1,Comercio,Media,73.64,1,1113.5
E0855,2022,0,0,Industria,Micro,0.73,0,273.6
E0855,2025,1,0,Industria,Micro,0.73,0,306.1
E0856,2022,0,0,Servicos,Pequena,9.86,0,545.0
E0856,2025,1,0,Servicos,Pequena,9.86,0,873.1
E0857,2022,0,1,Agropecuaria,Pequena,7.65,1,575.5
E0857,2025,1,1,Agropecuaria,Pequena,7.65,1,873.7
E0858,2022,0,1,Comercio,Pequena,15.0,0,751.6
E0858,2025,1,1,Comercio,Pequena,15.0,0,1240.2
E0859,2022,0,1,Comercio,Media,22.88,1,811.7
E0859,2025,1,1,Comercio,Media,22.88,1,1326.9
E0860,2022,0,0,Industria,Micro,3.29,0,438.6
E0860,2025,1,0,Industria,Micro,3.29,0,675.7
E0861,2022,0,1,Industria,Media,64.22,1,726.7
E0861,2025,1,1,Industria,Media,64.22,1,1011.2
E0862,2022,0,1,Agropecuaria,Media,68.7,1,712.7
E0862,2025,1,1,Agropecuaria,Media,68.7,1,1175.2
E0863,2022,0,0,Servicos,Pequena,8.83,0,555.8
E0863,2025,1,0,Servicos,Pequena,8.83,0,384.8
E0864,2022,0,1,Comercio,Media,17.92,1,750.2
E0864,2025,1,1,Comercio,Media,17.92,1,1216.0
E0865,2022,0,1,Servicos,Media,58.61,1,1047.1
E0865,2025,1,1,Servicos,Media,58.61,1,1592.8
E0866,2022,0,1,Industria,Pequena,8.23,0,830.8
E0866,2025,1,1,Industria,Pequena,8.23,0,1255.7
E0867,2022,0,0,Industria,Micro,1.19,0,261.3
E0867,2025,1,0,Industria,Micro,1.19,0,388.2
E0868,2022,0,0,Servicos,Pequena,9.84,0,367.6
E0868,2025,1,0,Servicos,Pequena,9.84,0,639.2
E0869,2022,0,1,Agropecuaria,Media,87.7,1,1001.6
E0869,2025,1,1,Agropecuaria,Media,87.7,1,1111.6
E0870,2022,0,1,Comercio,Pequena,6.94,0,756.7
E0870,2025,1,1,Comercio,Pequena,6.94,0,1136.5
E0871,2022,0,0,Servicos,Micro,3.91,0,401.1
E0871,2025,1,0,Servicos,Micro,3.91,0,679.6
E0872,2022,0,0,Comercio,Media,45.94,0,565.4
E0872,2025,1,0,Comercio,Media,45.94,0,781.9
E0873,2022,0,0,Agroindustria,Pequena,8.42,0,481.4
E0873,2025,1,0,Agroindustria,Pequena,8.42,0,579.5
E0874,2022,0,0,Industria,Micro,1.3,0,213.4
E0874,2025,1,0,Industria,Micro,1.3,0,436.0
E0875,2022,0,1,Servicos,Media,80.78,1,1071.4
E0875,2025,1,1,Servicos,Media,80.78,1,1335.3
E0876,2022,0,1,Servicos,Media,62.25,1,1176.7
E0876,2025,1,1,Servicos,Media,62.25,1,1463.9
E0877,2022,0,0,Agroindustria,Micro,0.55,0,205.1
E0877,2025,1,0,Agroindustria,Micro,0.55,0,535.9
E0878,2022,0,0,Agroindustria,Media,64.04,0,805.1
E0878,2025,1,0,Agroindustria,Media,64.04,0,926.0
E0879,2022,0,0,Servicos,Micro,1.33,0,395.9
E0879,2025,1,0,Servicos,Micro,1.33,0,571.9
E0880,2022,0,1,Industria,Media,22.77,1,926.2
E0880,2025,1,1,Industria,Media,22.77,1,1313.3
E0881,2022,0,0,Agropecuaria,Pequena,13.87,0,624.3
E0881,2025,1,0,Agropecuaria,Pequena,13.87,0,862.0
E0882,2022,0,1,Industria,Media,62.66,1,885.2
E0882,2025,1,1,Industria,Media,62.66,1,1280.5
E0883,2022,0,1,Comercio,Media,17.73,1,788.0
E0883,2025,1,1,Comercio,Media,17.73,1,1066.5
E0884,2022,0,0,Agroindustria,Micro,4.35,0,304.3
E0884,2025,1,0,Agroindustria,Micro,4.35,0,359.0
E0885,2022,0,0,Agropecuaria,Micro,2.97,0,387.9
E0885,2025,1,0,Agropecuaria,Micro,2.97,0,439.9
E0886,2022,0,0,Industria,Media,63.41,1,825.1
E0886,2025,1,0,Industria,Media,63.41,1,1132.7
E0887,2022,0,1,Comercio,Micro,4.45,0,236.1
E0887,2025,1,1,Comercio,Micro,4.45,0,380.4
E0888,2022,0,0,Agroindustria,Micro,4.69,0,217.7
E0888,2025,1,0,Agroindustria,Micro,4.69,0,342.4
E0889,2022,0,0,Agroindustria,Media,85.54,1,542.1
E0889,2025,1,0,Agroindustria,Media,85.54,1,741.8
E0890,2022,0,0,Industria,Micro,4.73,0,502.5
E0890,2025,1,0,Industria,Micro,4.73,0,592.2
E0891,2022,0,1,Agropecuaria,Media,54.15,1,799.8
E0891,2025,1,1,Agropecuaria,Media,54.15,1,938.1
E0892,2022,0,1,Comercio,Media,26.77,1,913.6
E0892,2025,1,1,Comercio,Media,26.77,1,1150.0
E0893,2022,0,0,Servicos,Pequena,9.14,0,753.2
E0893,2025,1,0,Servicos,Pequena,9.14,0,656.6
E0894,2022,0,0,Servicos,Pequena,14.51,0,753.2
E0894,2025,1,0,Servicos,Pequena,14.51,0,977.0
E0895,2022,0,1,Servicos,Media,45.69,1,1330.6
E0895,2025,1,1,Servicos,Media,45.69,1,1755.1
E0896,2022,0,1,Comercio,Media,43.51,0,701.1
E0896,2025,1,1,Comercio,Media,43.51,0,1190.5
E0897,2022,0,0,Agropecuaria,Media,66.76,1,979.1
E0897,2025,1,0,Agropecuaria,Media,66.76,1,1131.3
E0898,2022,0,1,Comercio,Pequena,6.02,1,218.2
E0898,2025,1,1,Comercio,Pequena,6.02,1,756.1
E0899,2022,0,0,Comercio,Micro,1.16,0,379.9
E0899,2025,1,0,Comercio,Micro,1.16,0,588.7
E0900,2022,0,1,Agroindustria,Pequena,8.41,1,939.2
E0900,2025,1,1,Agroindustria,Pequena,8.41,1,1310.0
E0901,2022,0,0,Agroindustria,Media,56.19,1,786.7
E0901,2025,1,0,Agroindustria,Media,56.19,1,801.7
E0902,2022,0,0,Agropecuaria,Micro,0.62,0,141.2
E0902,2025,1,0,Agropecuaria,Micro,0.62,0,511.4
E0903,2022,0,0,Agroindustria,Pequena,15.41,0,833.5
E0903,2025,1,0,Agroindustria,Pequena,15.41,0,916.4
E0904,2022,0,0,Agropecuaria,Pequena,6.61,0,389.6
E0904,2025,1,0,Agropecuaria,Pequena,6.61,0,605.9
E0905,2022,0,0,Agroindustria,Pequena,14.38,1,721.9
E0905,2025,1,0,Agroindustria,Pequena,14.38,1,772.0
E0906,2022,0,0,Agropecuaria,Micro,1.75,0,392.0
E0906,2025,1,0,Agropecuaria,Micro,1.75,0,536.9
E0907,2022,0,0,Servicos,Micro,1.37,0,488.3
E0907,2025,1,0,Servicos,Micro,1.37,0,839.0
E0908,2022,0,1,Agroindustria,Media,45.8,0,798.6
E0908,2025,1,1,Agroindustria,Media,45.8,0,1008.5
E0909,2022,0,0,Agroindustria,Media,57.06,1,909.3
E0909,2025,1,0,Agroindustria,Media,57.06,1,1194.6
E0910,2022,0,1,Servicos,Media,55.42,0,776.5
E0910,2025,1,1,Servicos,Media,55.42,0,1078.4
E0911,2022,0,1,Agropecuaria,Media,57.28,1,430.1
E0911,2025,1,1,Agropecuaria,Media,57.28,1,669.1
E0912,2022,0,0,Agropecuaria,Pequena,9.4,1,905.7
E0912,2025,1,0,Agropecuaria,Pequena,9.4,1,1090.6
E0913,2022,0,0,Industria,Micro,4.19,0,451.8
E0913,2025,1,0,Industria,Micro,4.19,0,531.2
E0914,2022,0,0,Servicos,Micro,0.53,0,113.8
E0914,2025,1,0,Servicos,Micro,0.53,0,204.7
E0915,2022,0,1,Agroindustria,Media,87.44,1,932.9
E0915,2025,1,1,Agroindustria,Media,87.44,1,1257.0
E0916,2022,0,1,Servicos,Pequena,14.6,0,1027.9
E0916,2025,1,1,Servicos,Pequena,14.6,0,1437.4
E0917,2022,0,0,Comercio,Pequena,12.58,0,454.8
E0917,2025,1,0,Comercio,Pequena,12.58,0,777.2
E0918,2022,0,0,Comercio,Pequena,14.25,0,828.6
E0918,2025,1,0,Comercio,Pequena,14.25,0,957.5
E0919,2022,0,1,Industria,Pequena,9.24,0,730.9
E0919,2025,1,1,Industria,Pequena,9.24,0,832.4
E0920,2022,0,0,Servicos,Pequena,6.21,0,805.7
E0920,2025,1,0,Servicos,Pequena,6.21,0,1077.5
E0921,2022,0,1,Agroindustria,Pequena,11.61,1,706.9
E0921,2025,1,1,Agroindustria,Pequena,11.61,1,1015.2
E0922,2022,0,0,Agropecuaria,Micro,4.7,1,684.0
E0922,2025,1,0,Agropecuaria,Micro,4.7,1,813.9
E0923,2022,0,0,Industria,Micro,2.58,0,534.1
E0923,2025,1,0,Industria,Micro,2.58,0,716.6
E0924,2022,0,0,Industria,Micro,2.57,0,114.1
E0924,2025,1,0,Industria,Micro,2.57,0,310.6
E0925,2022,0,1,Agroindustria,Media,84.44,1,971.0
E0925,2025,1,1,Agroindustria,Media,84.44,1,1299.1
E0926,2022,0,0,Industria,Media,47.84,1,614.9
E0926,2025,1,0,Industria,Media,47.84,1,612.0
E0927,2022,0,0,Comercio,Pequena,8.34,0,383.5
E0927,2025,1,0,Comercio,Pequena,8.34,0,540.9
E0928,2022,0,0,Agroindustria,Pequena,5.44,0,804.9
E0928,2025,1,0,Agroindustria,Pequena,5.44,0,972.0
E0929,2022,0,1,Servicos,Micro,4.01,0,280.2
E0929,2025,1,1,Servicos,Micro,4.01,0,800.0
E0930,2022,0,0,Comercio,Micro,0.71,0,707.7
E0930,2025,1,0,Comercio,Micro,0.71,0,923.4
E0931,2022,0,0,Comercio,Pequena,10.11,0,549.3
E0931,2025,1,0,Comercio,Pequena,10.11,0,859.0
E0932,2022,0,0,Servicos,Micro,3.89,0,391.4
E0932,2025,1,0,Servicos,Micro,3.89,0,613.1
E0933,2022,0,0,Industria,Micro,3.29,0,140.9
E0933,2025,1,0,Industria,Micro,3.29,0,85.3
E0934,2022,0,0,Comercio,Pequena,14.93,0,466.2
E0934,2025,1,0,Comercio,Pequena,14.93,0,715.8
E0935,2022,0,0,Agroindustria,Pequena,5.48,1,298.2
E0935,2025,1,0,Agroindustria,Pequena,5.48,1,400.6
E0936,2022,0,0,Industria,Micro,0.93,1,413.7
E0936,2025,1,0,Industria,Micro,0.93,1,621.2
E0937,2022,0,1,Servicos,Pequena,15.44,1,580.0
E0937,2025,1,1,Servicos,Pequena,15.44,1,937.2
E0938,2022,0,1,Comercio,Media,63.37,0,1228.2
E0938,2025,1,1,Comercio,Media,63.37,0,1455.5
E0939,2022,0,1,Agroindustria,Media,61.5,1,1109.4
E0939,2025,1,1,Agroindustria,Media,61.5,1,1335.8
E0940,2022,0,0,Agroindustria,Pequena,11.45,0,1104.1
E0940,2025,1,0,Agroindustria,Pequena,11.45,0,1196.7
E0941,2022,0,1,Industria,Media,72.17,0,628.6
E0941,2025,1,1,Industria,Media,72.17,0,929.9
E0942,2022,0,0,Agroindustria,Pequena,10.48,0,728.8
E0942,2025,1,0,Agroindustria,Pequena,10.48,0,1054.8
E0943,2022,0,0,Industria,Micro,2.63,0,664.3
E0943,2025,1,0,Industria,Micro,2.63,0,666.4
E0944,2022,0,1,Agroindustria,Media,50.32,1,709.1
E0944,2025,1,1,Agroindustria,Media,50.32,1,1305.3
E0945,2022,0,0,Agroindustria,Media,79.89,1,730.8
E0945,2025,1,0,Agroindustria,Media,79.89,1,765.1
E0946,2022,0,0,Comercio,Pequena,5.54,0,645.0
E0946,2025,1,0,Comercio,Pequena,5.54,0,857.5
E0947,2022,0,1,Agropecuaria,Pequena,10.43,1,651.5
E0947,2025,1,1,Agropecuaria,Pequena,10.43,1,859.3
E0948,2022,0,0,Comercio,Media,47.73,0,790.9
E0948,2025,1,0,Comercio,Media,47.73,0,1102.4
E0949,2022,0,0,Industria,Pequena,5.13,0,980.0
E0949,2025,1,0,Industria,Pequena,5.13,0,931.7
E0950,2022,0,0,Industria,Micro,1.65,0,179.0
E0950,2025,1,0,Industria,Micro,1.65,0,218.1
E0951,2022,0,1,Comercio,Media,84.56,1,902.6
E0951,2025,1,1,Comercio,Media,84.56,1,1270.8
E0952,2022,0,0,Servicos,Media,46.36,0,979.0
E0952,2025,1,0,Servicos,Media,46.36,0,829.9
E0953,2022,0,0,Agroindustria,Pequena,8.83,0,632.4
E0953,2025,1,0,Agroindustria,Pequena,8.83,0,965.8
E0954,2022,0,0,Agroindustria,Pequena,7.25,0,195.4
E0954,2025,1,0,Agroindustria,Pequena,7.25,0,407.5
E0955,2022,0,1,Agroindustria,Media,82.81,1,1305.9
E0955,2025,1,1,Agroindustria,Media,82.81,1,1394.4
E0956,2022,0,0,Agropecuaria,Micro,3.61,1,466.1
E0956,2025,1,0,Agropecuaria,Micro,3.61,1,568.7
E0957,2022,0,0,Industria,Pequena,9.9,1,507.3
E0957,2025,1,0,Industria,Pequena,9.9,1,657.6
E0958,2022,0,0,Servicos,Micro,4.0,0,419.6
E0958,2025,1,0,Servicos,Micro,4.0,0,632.4
E0959,2022,0,1,Comercio,Media,29.3,1,531.8
E0959,2025,1,1,Comercio,Media,29.3,1,902.2
E0960,2022,0,0,Agroindustria,Pequena,6.43,0,580.3
E0960,2025,1,0,Agroindustria,Pequena,6.43,0,780.1
E0961,2022,0,1,Industria,Media,34.33,1,880.7
E0961,2025,1,1,Industria,Media,34.33,1,1147.2
E0962,2022,0,0,Agropecuaria,Micro,3.98,0,457.0
E0962,2025,1,0,Agropecuaria,Micro,3.98,0,657.1
E0963,2022,0,0,Comercio,Pequena,8.45,0,485.9
E0963,2025,1,0,Comercio,Pequena,8.45,0,678.1
E0964,2022,0,1,Agropecuaria,Media,64.36,1,743.0
E0964,2025,1,1,Agropecuaria,Media,64.36,1,1104.0
E0965,2022,0,1,Servicos,Micro,1.03,0,710.1
E0965,2025,1,1,Servicos,Micro,1.03,0,1182.6
E0966,2022,0,1,Industria,Pequena,15.99,0,789.2
E0966,2025,1,1,Industria,Pequena,15.99,0,1176.2
E0967,2022,0,1,Agropecuaria,Media,71.6,0,803.5
E0967,2025,1,1,Agropecuaria,Media,71.6,0,1276.9
E0968,2022,0,1,Servicos,Media,88.33,0,1080.0
E0968,2025,1,1,Servicos,Media,88.33,0,1560.4
E0969,2022,0,0,Agropecuaria,Micro,1.48,0,475.6
E0969,2025,1,0,Agropecuaria,Micro,1.48,0,543.7
E0970,2022,0,0,Industria,Micro,3.45,0,436.5
E0970,2025,1,0,Industria,Micro,3.45,0,431.7
E0971,2022,0,1,Agroindustria,Pequena,14.93,0,738.3
E0971,2025,1,1,Agroindustria,Pequena,14.93,0,986.7
E0972,2022,0,0,Industria,Pequena,9.53,1,633.0
E0972,2025,1,0,Industria,Pequena,9.53,1,938.4
E0973,2022,0,1,Agroindustria,Media,29.8,0,933.5
E0973,2025,1,1,Agroindustria,Media,29.8,0,1118.9
E0974,2022,0,1,Servicos,Pequena,9.85,1,305.7
E0974,2025,1,1,Servicos,Pequena,9.85,1,704.2
E0975,2022,0,0,Comercio,Media,32.92,1,807.2
E0975,2025,1,0,Comercio,Media,32.92,1,1152.0
E0976,2022,0,0,Servicos,Micro,1.64,0,43.4
E0976,2025,1,0,Servicos,Micro,1.64,0,42.3
E0977,2022,0,0,Agropecuaria,Media,88.65,0,877.0
E0977,2025,1,0,Agropecuaria,Media,88.65,0,1073.3
E0978,2022,0,1,Industria,Pequena,4.99,0,366.3
E0978,2025,1,1,Industria,Pequena,4.99,0,605.5
E0979,2022,0,1,Agropecuaria,Media,84.6,1,744.7
E0979,2025,1,1,Agropecuaria,Media,84.6,1,1081.2
E0980,2022,0,0,Comercio,Media,85.88,1,866.9
E0980,2025,1,0,Comercio,Media,85.88,1,1092.0
E0981,2022,0,1,Agroindustria,Media,74.41,1,950.0
E0981,2025,1,1,Agroindustria,Media,74.41,1,1170.5
E0982,2022,0,1,Comercio,Pequena,7.42,0,890.3
E0982,2025,1,1,Comercio,Pequena,7.42,0,1209.2
E0983,2022,0,1,Servicos,Media,47.15,0,583.6
E0983,2025,1,1,Servicos,Media,47.15,0,939.5
E0984,2022,0,0,Agroindustria,Pequena,8.17,0,1287.9
E0984,2025,1,0,Agroindustria,Pequena,8.17,0,1502.3
E0985,2022,0,1,Comercio,Media,37.21,1,1181.6
E0985,2025,1,1,Comercio,Media,37.21,1,1676.6
E0986,2022,0,0,Servicos,Pequena,7.44,0,393.5
E0986,2025,1,0,Servicos,Pequena,7.44,0,429.6
E0987,2022,0,0,Servicos,Micro,2.27,0,629.6
E0987,2025,1,0,Servicos,Micro,2.27,0,715.4
E0988,2022,0,1,Comercio,Media,62.16,1,615.3
E0988,2025,1,1,Comercio,Media,62.16,1,872.8
E0989,2022,0,0,Agroindustria,Micro,4.64,0,306.3
E0989,2025,1,0,Agroindustria,Micro,4.64,0,586.0
E0990,2022,0,1,Agropecuaria,Micro,1.43,0,230.0
E0990,2025,1,1,Agropecuaria,Micro,1.43,0,259.2
E0991,2022,0,1,Servicos,Media,67.81,1,785.4
E0991,2025,1,1,Servicos,Media,67.81,1,1244.6
E0992,2022,0,0,Agroindustria,Micro,4.06,0,259.3
E0992,2025,1,0,Agroindustria,Micro,4.06,0,518.2
E0993,2022,0,1,Industria,Pequena,5.06,1,560.6
E0993,2025,1,1,Industria,Pequena,5.06,1,989.6
E0994,2022,0,0,Servicos,Micro,3.51,0,400.6
E0994,2025,1,0,Servicos,Micro,3.51,0,411.1
E0995,2022,0,0,Agroindustria,Pequena,13.6,0,491.1
E0995,2025,1,0,Agroindustria,Pequena,13.6,0,731.9
E0996,2022,0,0,Agroindustria,Micro,1.9,0,469.7
E0996,2025,1,0,Agroindustria,Micro,1.9,0,731.6
E0997,2022,0,0,Agroindustria,Micro,4.65,0,650.7
E0997,2025,1,0,Agroindustria,Micro,4.65,0,885.5
E0998,2022,0,0,Comercio,Micro,1.4,0,454.1
E0998,2025,1,0,Comercio,Micro,1.4,0,639.4
E0999,2022,0,0,Agropecuaria,Media,85.05,1,789.5
E0999,2025,1,0,Agropecuaria,Media,85.05,1,960.5
E1000,2022,0,1,Agroindustria,Pequena,13.85,0,548.6
E1000,2025,1,1,Agroindustria,Pequena,13.85,0,861.3
E1001,2022,0,0,Agroindustria,Micro,2.19,0,228.9
E1001,2025,1,0,Agroindustria,Micro,2.19,0,233.1
E1002,2022,0,1,Agroindustria,Media,33.37,1,985.1
E1002,2025,1,1,Agroindustria,Media,33.37,1,1376.4
E1003,2022,0,0,Comercio,Pequena,9.41,1,617.7
E1003,2025,1,0,Comercio,Pequena,9.41,1,641.9
E1004,2022,0,1,Comercio,Media,76.93,1,936.0
E1004,2025,1,1,Comercio,Media,76.93,1,1364.7
E1005,2022,0,0,Comercio,Micro,4.55,0,364.1
E1005,2025,1,0,Comercio,Micro,4.55,0,715.1
E1006,2022,0,0,Comercio,Pequena,6.23,0,711.2
E1006,2025,1,0,Comercio,Pequena,6.23,0,860.6
E1007,2022,0,0,Industria,Pequena,15.86,0,977.4
E1007,2025,1,0,Industria,Pequena,15.86,0,1296.3
E1008,2022,0,1,Comercio,Media,66.57,1,1033.1
E1008,2025,1,1,Comercio,Media,66.57,1,1386.3
E1009,2022,0,0,Comercio,Pequena,6.73,0,652.6
E1009,2025,1,0,Comercio,Pequena,6.73,0,790.3
E1010,2022,0,1,Agropecuaria,Pequena,8.11,1,400.3
E1010,2025,1,1,Agropecuaria,Pequena,8.11,1,782.4
E1011,2022,0,1,Comercio,Pequena,7.77,1,993.5
E1011,2025,1,1,Comercio,Pequena,7.77,1,1075.8
E1012,2022,0,0,Agropecuaria,Pequena,7.77,0,558.6
E1012,2025,1,0,Agropecuaria,Pequena,7.77,0,724.8
E1013,2022,0,0,Agropecuaria,Pequena,11.67,0,1101.5
E1013,2025,1,0,Agropecuaria,Pequena,11.67,0,1393.4
E1014,2022,0,0,Agroindustria,Pequena,6.08,0,565.5
E1014,2025,1,0,Agroindustria,Pequena,6.08,0,763.2
E1015,2022,0,1,Industria,Pequena,9.28,1,789.9
E1015,2025,1,1,Industria,Pequena,9.28,1,1059.4
E1016,2022,0,1,Agroindustria,Pequena,6.97,0,746.6
E1016,2025,1,1,Agroindustria,Pequena,6.97,0,972.3
E1017,2022,0,0,Servicos,Media,75.85,1,802.6
E1017,2025,1,0,Servicos,Media,75.85,1,1136.1
E1018,2022,0,0,Comercio,Pequena,8.23,1,208.8
E1018,2025,1,0,Comercio,Pequena,8.23,1,318.1
E1019,2022,0,1,Agropecuaria,Pequena,11.15,1,732.5
E1019,2025,1,1,Agropecuaria,Pequena,11.15,1,1154.7
E1020,2022,0,0,Industria,Micro,1.23,0,198.1
E1020,2025,1,0,Industria,Micro,1.23,0,411.6
E1021,2022,0,0,Servicos,Micro,3.62,0,284.3
E1021,2025,1,0,Servicos,Micro,3.62,0,389.9
E1022,2022,0,1,Servicos,Micro,1.07,0,338.4
E1022,2025,1,1,Servicos,Micro,1.07,0,649.4
E1023,2022,0,0,Servicos,Micro,0.86,0,360.6
E1023,2025,1,0,Servicos,Micro,0.86,0,478.6
E1024,2022,0,0,Comercio,Micro,1.17,0,608.7
E1024,2025,1,0,Comercio,Micro,1.17,0,773.2
E1025,2022,0,0,Servicos,Micro,4.53,0,260.8
E1025,2025,1,0,Servicos,Micro,4.53,0,439.8
E1026,2022,0,0,Industria,Micro,4.4,0,388.7
E1026,2025,1,0,Industria,Micro,4.4,0,652.4
E1027,2022,0,0,Servicos,Micro,3.54,0,625.6
E1027,2025,1,0,Servicos,Micro,3.54,0,890.1
E1028,2022,0,0,Industria,Micro,3.37,0,371.6
E1028,2025,1,0,Industria,Micro,3.37,0,485.0
E1029,2022,0,0,Servicos,Micro,1.43,0,442.6
E1029,2025,1,0,Servicos,Micro,1.43,0,560.2
E1030,2022,0,0,Servicos,Media,27.28,1,739.1
E1030,2025,1,0,Servicos,Media,27.28,1,837.5
E1031,2022,0,0,Agroindustria,Micro,1.65,0,153.3
E1031,2025,1,0,Agroindustria,Micro,1.65,0,473.9
E1032,2022,0,0,Comercio,Pequena,8.08,0,717.3
E1032,2025,1,0,Comercio,Pequena,8.08,0,1047.7
E1033,2022,0,0,Agroindustria,Pequena,5.74,0,418.3
E1033,2025,1,0,Agroindustria,Pequena,5.74,0,695.6
E1034,2022,0,1,Industria,Pequena,13.52,1,673.9
E1034,2025,1,1,Industria,Pequena,13.52,1,848.8
E1035,2022,0,0,Comercio,Pequena,9.06,0,691.3
E1035,2025,1,0,Comercio,Pequena,9.06,0,761.6
E1036,2022,0,0,Agropecuaria,Pequena,10.44,0,551.6
E1036,2025,1,0,Agropecuaria,Pequena,10.44,0,719.6
E1037,2022,0,1,Comercio,Media,88.22,1,928.5
E1037,2025,1,1,Comercio,Media,88.22,1,1251.8
E1038,2022,0,1,Agropecuaria,Media,20.91,0,1092.8
E1038,2025,1,1,Agropecuaria,Media,20.91,0,1193.4
E1039,2022,0,0,Agroindustria,Pequena,14.8,0,872.2
E1039,2025,1,0,Agroindustria,Pequena,14.8,0,1092.2
E1040,2022,0,0,Agroindustria,Micro,4.27,0,549.9
E1040,2025,1,0,Agroindustria,Micro,4.27,0,949.4
E1041,2022,0,1,Comercio,Media,33.94,1,656.0
E1041,2025,1,1,Comercio,Media,33.94,1,844.4
E1042,2022,0,0,Industria,Pequena,13.65,0,734.4
E1042,2025,1,0,Industria,Pequena,13.65,0,929.2
E1043,2022,0,0,Servicos,Media,52.23,1,486.9
E1043,2025,1,0,Servicos,Media,52.23,1,460.1
E1044,2022,0,0,Agroindustria,Pequena,13.02,0,875.4
E1044,2025,1,0,Agroindustria,Pequena,13.02,0,1166.2
E1045,2022,0,0,Agroindustria,Pequena,8.04,0,654.2
E1045,2025,1,0,Agroindustria,Pequena,8.04,0,850.8
E1046,2022,0,0,Agropecuaria,Micro,3.56,0,271.0
E1046,2025,1,0,Agropecuaria,Micro,3.56,0,471.1
E1047,2022,0,1,Comercio,Media,54.86,1,981.5
E1047,2025,1,1,Comercio,Media,54.86,1,1184.9
E1048,2022,0,0,Agroindustria,Micro,3.22,1,379.6
E1048,2025,1,0,Agroindustria,Micro,3.22,1,712.7
E1049,2022,0,0,Industria,Pequena,15.3,0,441.8
E1049,2025,1,0,Industria,Pequena,15.3,0,701.5
E1050,2022,0,0,Agroindustria,Pequena,9.53,0,630.4
E1050,2025,1,0,Agroindustria,Pequena,9.53,0,836.7
E1051,2022,0,1,Industria,Media,31.22,0,1209.2
E1051,2025,1,1,Industria,Media,31.22,0,1620.4
E1052,2022,0,1,Industria,Media,58.5,1,913.0
E1052,2025,1,1,Industria,Media,58.5,1,1262.4
E1053,2022,0,0,Industria,Micro,3.3,0,686.7
E1053,2025,1,0,Industria,Micro,3.3,0,832.7
E1054,2022,0,0,Industria,Micro,0.68,0,238.8
E1054,2025,1,0,Industria,Micro,0.68,0,359.9
E1055,2022,0,1,Industria,Media,84.72,1,831.5
E1055,2025,1,1,Industria,Media,84.72,1,1306.2
E1056,2022,0,1,Industria,Pequena,7.82,0,879.9
E1056,2025,1,1,Industria,Pequena,7.82,0,1212.6
E1057,2022,0,0,Agropecuaria,Media,20.48,0,845.2
E1057,2025,1,0,Agropecuaria,Media,20.48,0,1165.4
E1058,2022,0,0,Agropecuaria,Media,77.78,1,863.1
E1058,2025,1,0,Agropecuaria,Media,77.78,1,993.6
E1059,2022,0,0,Comercio,Pequena,5.19,1,472.2
E1059,2025,1,0,Comercio,Pequena,5.19,1,561.7
E1060,2022,0,0,Agropecuaria,Micro,3.22,0,365.8
E1060,2025,1,0,Agropecuaria,Micro,3.22,0,711.4
E1061,2022,0,0,Agroindustria,Media,22.1,1,887.0
E1061,2025,1,0,Agroindustria,Media,22.1,1,969.6
E1062,2022,0,0,Servicos,Media,77.7,0,862.8
E1062,2025,1,0,Servicos,Media,77.7,0,1091.8
E1063,2022,0,0,Servicos,Media,52.72,1,889.6
E1063,2025,1,0,Servicos,Media,52.72,1,991.9
E1064,2022,0,0,Agroindustria,Micro,4.56,0,419.2
E1064,2025,1,0,Agroindustria,Micro,4.56,0,374.9
E1065,2022,0,0,Servicos,Micro,1.89,1,360.1
E1065,2025,1,0,Servicos,Micro,1.89,1,619.2
E1066,2022,0,0,Comercio,Media,80.69,0,730.4
E1066,2025,1,0,Comercio,Media,80.69,0,908.4
E1067,2022,0,1,Comercio,Pequena,9.43,1,500.6
E1067,2025,1,1,Comercio,Pequena,9.43,1,996.0
E1068,2022,0,0,Comercio,Pequena,11.49,0,450.5
E1068,2025,1,0,Comercio,Pequena,11.49,0,686.7
E1069,2022,0,0,Comercio,Micro,4.11,0,210.2
E1069,2025,1,0,Comercio,Micro,4.11,0,437.7
E1070,2022,0,0,Agroindustria,Micro,0.92,0,465.3
E1070,2025,1,0,Agroindustria,Micro,0.92,0,719.4
E1071,2022,0,0,Industria,Pequena,8.54,0,300.6
E1071,2025,1,0,Industria,Pequena,8.54,0,467.9
E1072,2022,0,0,Industria,Pequena,11.57,0,608.6
E1072,2025,1,0,Industria,Pequena,11.57,0,560.3
E1073,2022,0,0,Comercio,Pequena,6.62,0,484.5
E1073,2025,1,0,Comercio,Pequena,6.62,0,771.6
E1074,2022,0,1,Agropecuaria,Media,85.64,1,805.4
E1074,2025,1,1,Agropecuaria,Media,85.64,1,1134.5
E1075,2022,0,0,Agropecuaria,Micro,4.77,0,141.4
E1075,2025,1,0,Agropecuaria,Micro,4.77,0,545.6
E1076,2022,0,0,Agropecuaria,Micro,3.56,0,377.3
E1076,2025,1,0,Agropecuaria,Micro,3.56,0,548.4
E1077,2022,0,0,Servicos,Pequena,14.79,0,569.6
E1077,2025,1,0,Servicos,Pequena,14.79,0,836.5
E1078,2022,0,1,Industria,Pequena,14.77,1,902.1
E1078,2025,1,1,Industria,Pequena,14.77,1,1103.9
E1079,2022,0,1,Agropecuaria,Pequena,10.35,1,473.7
E1079,2025,1,1,Agropecuaria,Pequena,10.35,1,860.5
E1080,2022,0,0,Comercio,Pequena,7.33,0,1144.5
E1080,2025,1,0,Comercio,Pequena,7.33,0,1317.8
E1081,2022,0,0,Servicos,Media,22.32,0,835.0
E1081,2025,1,0,Servicos,Media,22.32,0,797.9
E1082,2022,0,0,Industria,Pequena,8.17,1,480.8
E1082,2025,1,0,Industria,Pequena,8.17,1,547.0
E1083,2022,0,0,Servicos,Pequena,9.13,1,441.0
E1083,2025,1,0,Servicos,Pequena,9.13,1,516.2
E1084,2022,0,1,Agroindustria,Pequena,5.3,0,932.0
E1084,2025,1,1,Agroindustria,Pequena,5.3,0,1112.4
E1085,2022,0,0,Servicos,Micro,1.04,0,786.2
E1085,2025,1,0,Servicos,Micro,1.04,0,899.0
E1086,2022,0,0,Servicos,Pequena,5.56,0,613.1
E1086,2025,1,0,Servicos,Pequena,5.56,0,578.1
E1087,2022,0,0,Agropecuaria,Pequena,13.51,0,327.6
E1087,2025,1,0,Agropecuaria,Pequena,13.51,0,441.4
E1088,2022,0,1,Agropecuaria,Media,31.67,1,1072.4
E1088,2025,1,1,Agropecuaria,Media,31.67,1,1400.8
E1089,2022,0,1,Servicos,Pequena,8.83,0,584.8
E1089,2025,1,1,Servicos,Pequena,8.83,0,903.9
E1090,2022,0,0,Agroindustria,Pequena,10.41,0,599.1
E1090,2025,1,0,Agroindustria,Pequena,10.41,0,704.3
E1091,2022,0,0,Servicos,Pequena,8.82,0,601.5
E1091,2025,1,0,Servicos,Pequena,8.82,0,808.8
E1092,2022,0,1,Comercio,Pequena,11.06,0,330.7
E1092,2025,1,1,Comercio,Pequena,11.06,0,658.3
E1093,2022,0,1,Industria,Media,61.59,1,1209.2
E1093,2025,1,1,Industria,Media,61.59,1,1642.7
E1094,2022,0,0,Agropecuaria,Micro,2.81,0,205.2
E1094,2025,1,0,Agropecuaria,Micro,2.81,0,488.9
E1095,2022,0,1,Agroindustria,Media,66.64,1,1002.4
E1095,2025,1,1,Agroindustria,Media,66.64,1,1353.9
E1096,2022,0,1,Agropecuaria,Pequena,12.98,1,686.5
E1096,2025,1,1,Agropecuaria,Pequena,12.98,1,793.3
E1097,2022,0,0,Servicos,Micro,2.55,0,399.9
E1097,2025,1,0,Servicos,Micro,2.55,0,459.4
E1098,2022,0,1,Agropecuaria,Media,25.37,1,1176.5
E1098,2025,1,1,Agropecuaria,Media,25.37,1,1494.2
E1099,2022,0,0,Industria,Pequena,10.93,0,954.6
E1099,2025,1,0,Industria,Pequena,10.93,0,1037.0
E1100,2022,0,0,Industria,Micro,4.4,0,228.5
E1100,2025,1,0,Industria,Micro,4.4,0,328.7
E1101,2022,0,0,Agropecuaria,Pequena,9.05,0,324.6
E1101,2025,1,0,Agropecuaria,Pequena,9.05,0,510.3
E1102,2022,0,0,Servicos,Micro,3.63,0,529.9
E1102,2025,1,0,Servicos,Micro,3.63,0,773.8
E1103,2022,0,1,Industria,Media,71.11,1,760.9
E1103,2025,1,1,Industria,Media,71.11,1,922.2
E1104,2022,0,0,Comercio,Pequena,14.81,1,512.3
E1104,2025,1,0,Comercio,Pequena,14.81,1,867.2
E1105,2022,0,1,Industria,Media,35.24,1,1270.6
E1105,2025,1,1,Industria,Media,35.24,1,1650.1
E1106,2022,0,1,Comercio,Media,79.75,0,903.5
E1106,2025,1,1,Comercio,Media,79.75,0,1189.8
E1107,2022,0,1,Agropecuaria,Pequena,15.92,0,501.3
E1107,2025,1,1,Agropecuaria,Pequena,15.92,0,692.2
E1108,2022,0,0,Agropecuaria,Micro,2.56,0,437.2
E1108,2025,1,0,Agropecuaria,Micro,2.56,0,652.2
E1109,2022,0,0,Industria,Pequena,10.1,0,318.9
E1109,2025,1,0,Industria,Pequena,10.1,0,651.2
E1110,2022,0,1,Agropecuaria,Pequena,7.79,1,683.1
E1110,2025,1,1,Agropecuaria,Pequena,7.79,1,1022.6
E1111,2022,0,1,Agroindustria,Pequena,8.49,0,950.7
E1111,2025,1,1,Agroindustria,Pequena,8.49,0,1347.1
E1112,2022,0,1,Agropecuaria,Micro,2.67,1,474.9
E1112,2025,1,1,Agropecuaria,Micro,2.67,1,736.5
E1113,2022,0,1,Industria,Media,69.97,1,868.8
E1113,2025,1,1,Industria,Media,69.97,1,1128.7
E1114,2022,0,0,Agroindustria,Micro,2.95,0,213.5
E1114,2025,1,0,Agroindustria,Micro,2.95,0,636.1
E1115,2022,0,1,Comercio,Media,17.8,1,1006.3
E1115,2025,1,1,Comercio,Media,17.8,1,1164.5
E1116,2022,0,0,Servicos,Pequena,15.55,0,788.3
E1116,2025,1,0,Servicos,Pequena,15.55,0,1050.2
E1117,2022,0,0,Industria,Pequena,11.36,0,825.9
E1117,2025,1,0,Industria,Pequena,11.36,0,1147.1
E1118,2022,0,0,Servicos,Pequena,14.48,0,456.3
E1118,2025,1,0,Servicos,Pequena,14.48,0,828.6
E1119,2022,0,0,Servicos,Pequena,9.29,0,665.2
E1119,2025,1,0,Servicos,Pequena,9.29,0,842.9
E1120,2022,0,0,Comercio,Pequena,8.06,0,490.1
E1120,2025,1,0,Comercio,Pequena,8.06,0,716.6
E1121,2022,0,0,Agropecuaria,Pequena,11.7,0,606.0
E1121,2025,1,0,Agropecuaria,Pequena,11.7,0,950.9
E1122,2022,0,1,Comercio,Pequena,13.8,1,77.5
E1122,2025,1,1,Comercio,Pequena,13.8,1,425.1
E1123,2022,0,0,Industria,Pequena,15.38,1,350.4
E1123,2025,1,0,Industria,Pequena,15.38,1,636.9
E1124,2022,0,0,Industria,Pequena,12.85,0,229.8
E1124,2025,1,0,Industria,Pequena,12.85,0,442.7
E1125,2022,0,0,Servicos,Micro,2.24,0,724.9
E1125,2025,1,0,Servicos,Micro,2.24,0,1069.8
E1126,2022,0,1,Agropecuaria,Micro,0.89,0,176.5
E1126,2025,1,1,Agropecuaria,Micro,0.89,0,645.9
E1127,2022,0,1,Comercio,Media,85.04,1,847.5
E1127,2025,1,1,Comercio,Media,85.04,1,1367.5
E1128,2022,0,0,Industria,Pequena,12.52,0,674.7
E1128,2025,1,0,Industria,Pequena,12.52,0,854.7
E1129,2022,0,1,Industria,Pequena,11.83,1,505.2
E1129,2025,1,1,Industria,Pequena,11.83,1,752.1
E1130,2022,0,0,Industria,Pequena,11.51,0,438.1
E1130,2025,1,0,Industria,Pequena,11.51,0,632.6
E1131,2022,0,0,Servicos,Media,22.61,1,734.0
E1131,2025,1,0,Servicos,Media,22.61,1,961.8
E1132,2022,0,1,Agroindustria,Media,77.07,1,816.6
E1132,2025,1,1,Agroindustria,Media,77.07,1,1397.9
E1133,2022,0,1,Agropecuaria,Media,78.97,1,1195.6
E1133,2025,1,1,Agropecuaria,Media,78.97,1,1428.7
E1134,2022,0,0,Industria,Micro,4.37,0,500.8
E1134,2025,1,0,Industria,Micro,4.37,0,590.8
E1135,2022,0,0,Comercio,Micro,4.04,0,411.1
E1135,2025,1,0,Comercio,Micro,4.04,0,418.7
E1136,2022,0,1,Agropecuaria,Media,83.14,1,1016.2
E1136,2025,1,1,Agropecuaria,Media,83.14,1,1274.3
E1137,2022,0,0,Agroindustria,Pequena,14.4,1,496.4
E1137,2025,1,0,Agroindustria,Pequena,14.4,1,715.0
E1138,2022,0,0,Agroindustria,Pequena,5.9,0,294.3
E1138,2025,1,0,Agroindustria,Pequena,5.9,0,585.0
E1139,2022,0,1,Industria,Pequena,10.89,0,948.7
E1139,2025,1,1,Industria,Pequena,10.89,0,1176.4
E1140,2022,0,0,Industria,Media,19.67,0,672.5
E1140,2025,1,0,Industria,Media,19.67,0,825.5
E1141,2022,0,1,Agropecuaria,Pequena,12.22,0,1103.9
E1141,2025,1,1,Agropecuaria,Pequena,12.22,0,1428.9
E1142,2022,0,1,Servicos,Micro,1.52,0,426.1
E1142,2025,1,1,Servicos,Micro,1.52,0,795.5
E1143,2022,0,0,Comercio,Pequena,12.5,0,767.3
E1143,2025,1,0,Comercio,Pequena,12.5,0,755.8
E1144,2022,0,0,Servicos,Pequena,15.71,0,930.7
E1144,2025,1,0,Servicos,Pequena,15.71,0,1118.2
E1145,2022,0,0,Agroindustria,Micro,2.04,0,474.9
E1145,2025,1,0,Agroindustria,Micro,2.04,0,501.6
E1146,2022,0,0,Agroindustria,Micro,3.41,0,509.3
E1146,2025,1,0,Agroindustria,Micro,3.41,0,662.2
E1147,2022,0,0,Comercio,Micro,1.99,0,222.7
E1147,2025,1,0,Comercio,Micro,1.99,0,184.7
E1148,2022,0,1,Agroindustria,Pequena,7.92,1,512.7
E1148,2025,1,1,Agroindustria,Pequena,7.92,1,970.4
E1149,2022,0,0,Agroindustria,Pequena,7.49,0,791.7
E1149,2025,1,0,Agroindustria,Pequena,7.49,0,1072.4
E1150,2022,0,0,Comercio,Pequena,9.57,0,564.0
E1150,2025,1,0,Comercio,Pequena,9.57,0,579.6
E1151,2022,0,0,Comercio,Micro,4.75,0,656.2
E1151,2025,1,0,Comercio,Micro,4.75,0,958.3
E1152,2022,0,0,Agropecuaria,Pequena,6.34,1,716.8
E1152,2025,1,0,Agropecuaria,Pequena,6.34,1,899.5
E1153,2022,0,1,Agropecuaria,Pequena,7.16,1,393.5
E1153,2025,1,1,Agropecuaria,Pequena,7.16,1,739.5
E1154,2022,0,0,Servicos,Media,40.4,0,810.4
E1154,2025,1,0,Servicos,Media,40.4,0,929.7
E1155,2022,0,1,Agropecuaria,Media,53.42,1,1027.9
E1155,2025,1,1,Agropecuaria,Media,53.42,1,1388.8
E1156,2022,0,1,Agropecuaria,Media,72.46,1,848.2
E1156,2025,1,1,Agropecuaria,Media,72.46,1,1246.4
E1157,2022,0,0,Industria,Micro,1.36,0,390.8
E1157,2025,1,0,Industria,Micro,1.36,0,546.8
E1158,2022,0,1,Industria,Micro,3.3,1,461.0
E1158,2025,1,1,Industria,Micro,3.3,1,938.5
E1159,2022,0,0,Agropecuaria,Micro,1.41,0,174.3
E1159,2025,1,0,Agropecuaria,Micro,1.41,0,211.5
E1160,2022,0,1,Comercio,Media,21.57,1,923.6
E1160,2025,1,1,Comercio,Media,21.57,1,1261.8
E1161,2022,0,1,Agropecuaria,Micro,1.84,0,346.0
E1161,2025,1,1,Agropecuaria,Micro,1.84,0,647.4
E1162,2022,0,1,Comercio,Pequena,5.1,0,684.6
E1162,2025,1,1,Comercio,Pequena,5.1,0,1177.7
E1163,2022,0,1,Industria,Media,39.22,1,939.0
E1163,2025,1,1,Industria,Media,39.22,1,1233.2
E1164,2022,0,1,Agropecuaria,Media,63.48,1,821.5
E1164,2025,1,1,Agropecuaria,Media,63.48,1,1154.0
E1165,2022,0,1,Comercio,Media,69.99,1,1052.6
E1165,2025,1,1,Comercio,Media,69.99,1,1548.5
E1166,2022,0,1,Servicos,Pequena,11.42,0,547.3
E1166,2025,1,1,Servicos,Pequena,11.42,0,722.1
E1167,2022,0,0,Comercio,Pequena,8.93,0,677.2
E1167,2025,1,0,Comercio,Pequena,8.93,0,731.1
E1168,2022,0,1,Agroindustria,Media,69.51,1,976.4
E1168,2025,1,1,Agroindustria,Media,69.51,1,1168.3
E1169,2022,0,0,Agropecuaria,Micro,0.5,0,98.4
E1169,2025,1,0,Agropecuaria,Micro,0.5,0,419.7
E1170,2022,0,1,Agroindustria,Media,49.59,1,770.4
E1170,2025,1,1,Agroindustria,Media,49.59,1,942.8
E1171,2022,0,0,Agropecuaria,Micro,0.57,0,379.2
E1171,2025,1,0,Agropecuaria,Micro,0.57,0,624.2
E1172,2022,0,1,Servicos,Media,31.9,1,1118.6
E1172,2025,1,1,Servicos,Media,31.9,1,1412.0
E1173,2022,0,0,Comercio,Pequena,9.91,1,477.2
E1173,2025,1,0,Comercio,Pequena,9.91,1,634.5
E1174,2022,0,0,Comercio,Micro,2.05,0,554.9
E1174,2025,1,0,Comercio,Micro,2.05,0,665.9
E1175,2022,0,1,Agropecuaria,Media,63.98,1,976.8
E1175,2025,1,1,Agropecuaria,Media,63.98,1,1173.7
E1176,2022,0,1,Comercio,Media,78.66,1,1068.9
E1176,2025,1,1,Comercio,Media,78.66,1,1572.1
E1177,2022,0,0,Agropecuaria,Pequena,10.65,0,318.4
E1177,2025,1,0,Agropecuaria,Pequena,10.65,0,597.4
E1178,2022,0,1,Servicos,Pequena,5.21,0,814.6
E1178,2025,1,1,Servicos,Pequena,5.21,0,1248.8
E1179,2022,0,0,Agropecuaria,Media,34.18,0,1080.4
E1179,2025,1,0,Agropecuaria,Media,34.18,0,1330.7
E1180,2022,0,0,Agropecuaria,Micro,4.71,0,590.3
E1180,2025,1,0,Agropecuaria,Micro,4.71,0,617.0
E1181,2022,0,1,Servicos,Media,63.01,1,757.3
E1181,2025,1,1,Servicos,Media,63.01,1,1032.4
E1182,2022,0,0,Agropecuaria,Pequena,7.33,0,809.3
E1182,2025,1,0,Agropecuaria,Pequena,7.33,0,1081.3
E1183,2022,0,1,Comercio,Micro,4.19,1,615.1
E1183,2025,1,1,Comercio,Micro,4.19,1,881.9
E1184,2022,0,1,Agroindustria,Pequena,9.32,1,422.5
E1184,2025,1,1,Agroindustria,Pequena,9.32,1,872.0
E1185,2022,0,1,Industria,Pequena,5.68,0,755.3
E1185,2025,1,1,Industria,Pequena,5.68,0,1104.5
E1186,2022,0,0,Industria,Micro,0.48,1,20.0
E1186,2025,1,0,Industria,Micro,0.48,1,178.5
E1187,2022,0,1,Comercio,Media,45.27,1,824.5
E1187,2025,1,1,Comercio,Media,45.27,1,1120.3
E1188,2022,0,0,Industria,Micro,4.07,0,393.9
E1188,2025,1,0,Industria,Micro,4.07,0,522.4
E1189,2022,0,1,Servicos,Media,66.65,0,1000.3
E1189,2025,1,1,Servicos,Media,66.65,0,1251.5
E1190,2022,0,0,Industria,Micro,4.39,0,421.7
E1190,2025,1,0,Industria,Micro,4.39,0,679.1
E1191,2022,0,0,Servicos,Micro,4.13,0,360.7
E1191,2025,1,0,Servicos,Micro,4.13,0,350.5
E1192,2022,0,1,Agroindustria,Pequena,7.02,1,457.9
E1192,2025,1,1,Agroindustria,Pequena,7.02,1,678.5
E1193,2022,0,0,Agropecuaria,Micro,0.79,0,188.7
E1193,2025,1,0,Agropecuaria,Micro,0.79,0,266.7
E1194,2022,0,1,Industria,Media,48.64,1,709.0
E1194,2025,1,1,Industria,Media,48.64,1,1221.4
E1195,2022,0,0,Servicos,Pequena,11.4,0,740.7
E1195,2025,1,0,Servicos,Pequena,11.4,0,961.9
E1196,2022,0,0,Industria,Micro,2.28,0,429.3
E1196,2025,1,0,Industria,Micro,2.28,0,734.9
E1197,2022,0,0,Agroindustria,Pequena,15.39,0,569.3
E1197,2025,1,0,Agroindustria,Pequena,15.39,0,915.0
E1198,2022,0,0,Industria,Micro,1.56,1,215.0
E1198,2025,1,0,Industria,Micro,1.56,1,411.1
E1199,2022,0,1,Comercio,Micro,2.14,1,607.1
E1199,2025,1,1,Comercio,Micro,2.14,1,991.0
E1200,2022,0,0,Agropecuaria,Media,45.99,0,1095.0
E1200,2025,1,0,Agropecuaria,Media,45.99,0,1308.6
E1201,2022,0,0,Industria,Micro,2.27,0,436.4
E1201,2025,1,0,Industria,Micro,2.27,0,475.0
E1202,2022,0,1,Industria,Pequena,5.34,0,693.8
E1202,2025,1,1,Industria,Pequena,5.34,0,970.5
E1203,2022,0,1,Agropecuaria,Micro,3.44,0,726.2
E1203,2025,1,1,Agropecuaria,Micro,3.44,0,1255.3
E1204,2022,0,0,Agropecuaria,Pequena,12.58,0,759.3
E1204,2025,1,0,Agropecuaria,Pequena,12.58,0,875.0
E1205,2022,0,0,Agroindustria,Pequena,10.35,0,646.7
E1205,2025,1,0,Agroindustria,Pequena,10.35,0,877.1
E1206,2022,0,1,Servicos,Media,24.94,1,1120.5
E1206,2025,1,1,Servicos,Media,24.94,1,1233.9
E1207,2022,0,0,Comercio,Pequena,12.06,0,907.3
E1207,2025,1,0,Comercio,Pequena,12.06,0,1168.5
E1208,2022,0,0,Servicos,Micro,4.44,0,217.7
E1208,2025,1,0,Servicos,Micro,4.44,0,364.9
E1209,2022,0,0,Agropecuaria,Media,17.62,0,838.2
E1209,2025,1,0,Agropecuaria,Media,17.62,0,983.6
E1210,2022,0,1,Servicos,Media,86.99,1,1208.1
E1210,2025,1,1,Servicos,Media,86.99,1,1381.4
E1211,2022,0,0,Agroindustria,Pequena,9.33,0,468.9
E1211,2025,1,0,Agroindustria,Pequena,9.33,0,590.6
E1212,2022,0,0,Agroindustria,Pequena,12.57,0,644.3
E1212,2025,1,0,Agroindustria,Pequena,12.57,0,783.8
E1213,2022,0,1,Agropecuaria,Media,47.53,0,1213.2
E1213,2025,1,1,Agropecuaria,Media,47.53,0,1506.3
E1214,2022,0,1,Industria,Media,80.17,1,975.6
E1214,2025,1,1,Industria,Media,80.17,1,1375.4
E1215,2022,0,0,Industria,Micro,0.6,0,400.1
E1215,2025,1,0,Industria,Micro,0.6,0,460.7
E1216,2022,0,1,Servicos,Pequena,11.73,1,862.4
E1216,2025,1,1,Servicos,Pequena,11.73,1,1177.6
E1217,2022,0,1,Agroindustria,Media,31.29,1,961.1
E1217,2025,1,1,Agroindustria,Media,31.29,1,1032.3
E1218,2022,0,0,Industria,Media,81.64,1,892.1
E1218,2025,1,0,Industria,Media,81.64,1,1313.6
E1219,2022,0,1,Servicos,Micro,1.07,0,295.4
E1219,2025,1,1,Servicos,Micro,1.07,0,602.7
E1220,2022,0,0,Industria,Media,28.12,0,708.7
E1220,2025,1,0,Industria,Media,28.12,0,779.2
E1221,2022,0,0,Industria,Pequena,11.36,0,810.1
E1221,2025,1,0,Industria,Pequena,11.36,0,782.5
E1222,2022,0,1,Servicos,Media,66.9,1,1044.1
E1222,2025,1,1,Servicos,Media,66.9,1,1369.7
E1223,2022,0,1,Agroindustria,Pequena,10.56,0,588.2
E1223,2025,1,1,Agroindustria,Pequena,10.56,0,946.2
E1224,2022,0,1,Comercio,Media,84.38,1,1104.8
E1224,2025,1,1,Comercio,Media,84.38,1,1391.9
E1225,2022,0,1,Industria,Pequena,8.12,1,697.1
E1225,2025,1,1,Industria,Pequena,8.12,1,973.3
E1226,2022,0,1,Agroindustria,Pequena,12.32,1,878.1
E1226,2025,1,1,Agroindustria,Pequena,12.32,1,1354.6
E1227,2022,0,1,Comercio,Media,28.09,1,1030.6
E1227,2025,1,1,Comercio,Media,28.09,1,1501.3
E1228,2022,0,0,Servicos,Pequena,14.3,0,548.1
E1228,2025,1,0,Servicos,Pequena,14.3,0,791.3
E1229,2022,0,0,Agroindustria,Media,62.42,1,719.7
E1229,2025,1,0,Agroindustria,Media,62.42,1,934.6
E1230,2022,0,1,Agropecuaria,Micro,4.38,1,493.3
E1230,2025,1,1,Agropecuaria,Micro,4.38,1,572.3
E1231,2022,0,1,Industria,Micro,1.06,0,206.7
E1231,2025,1,1,Industria,Micro,1.06,0,645.8
E1232,2022,0,0,Industria,Pequena,10.29,0,417.8
E1232,2025,1,0,Industria,Pequena,10.29,0,633.8
E1233,2022,0,1,Servicos,Media,77.7,1,716.5
E1233,2025,1,1,Servicos,Media,77.7,1,1028.9
E1234,2022,0,0,Servicos,Media,86.64,1,677.9
E1234,2025,1,0,Servicos,Media,86.64,1,1155.0
E1235,2022,0,0,Servicos,Pequena,9.78,0,699.1
E1235,2025,1,0,Servicos,Pequena,9.78,0,1001.3
E1236,2022,0,0,Agropecuaria,Pequena,11.75,0,552.0
E1236,2025,1,0,Agropecuaria,Pequena,11.75,0,778.5
E1237,2022,0,0,Comercio,Micro,1.45,0,237.3
E1237,2025,1,0,Comercio,Micro,1.45,0,254.8
E1238,2022,0,1,Agropecuaria,Media,87.21,1,732.5
E1238,2025,1,1,Agropecuaria,Media,87.21,1,1170.5
E1239,2022,0,0,Agropecuaria,Pequena,13.08,0,665.1
E1239,2025,1,0,Agropecuaria,Pequena,13.08,0,806.1
E1240,2022,0,0,Agropecuaria,Pequena,5.79,1,330.1
E1240,2025,1,0,Agropecuaria,Pequena,5.79,1,673.8
E1241,2022,0,0,Agropecuaria,Micro,2.48,0,302.6
E1241,2025,1,0,Agropecuaria,Micro,2.48,0,491.6
E1242,2022,0,0,Comercio,Pequena,7.46,0,621.5
E1242,2025,1,0,Comercio,Pequena,7.46,0,876.5
E1243,2022,0,1,Agroindustria,Media,39.82,1,875.2
E1243,2025,1,1,Agroindustria,Media,39.82,1,1177.0
E1244,2022,0,0,Agroindustria,Pequena,12.18,1,610.3
E1244,2025,1,0,Agroindustria,Pequena,12.18,1,917.0
E1245,2022,0,0,Comercio,Pequena,6.13,0,426.3
E1245,2025,1,0,Comercio,Pequena,6.13,0,601.0
E1246,2022,0,0,Agroindustria,Micro,3.14,0,361.5
E1246,2025,1,0,Agroindustria,Micro,3.14,0,528.7
E1247,2022,0,1,Comercio,Media,48.55,0,1216.0
E1247,2025,1,1,Comercio,Media,48.55,0,1629.4
E1248,2022,0,0,Comercio,Micro,1.4,0,254.0
E1248,2025,1,0,Comercio,Micro,1.4,0,570.0
E1249,2022,0,0,Agropecuaria,Micro,1.14,0,687.0
E1249,2025,1,0,Agropecuaria,Micro,1.14,0,837.5
E1250,2022,0,1,Comercio,Media,69.72,1,837.4
E1250,2025,1,1,Comercio,Media,69.72,1,1217.5
E1251,2022,0,1,Agropecuaria,Pequena,5.18,1,872.7
E1251,2025,1,1,Agropecuaria,Pequena,5.18,1,910.3
E1252,2022,0,1,Industria,Media,76.84,1,750.6
E1252,2025,1,1,Industria,Media,76.84,1,1084.9
E1253,2022,0,0,Industria,Pequena,15.17,0,470.2
E1253,2025,1,0,Industria,Pequena,15.17,0,761.9
E1254,2022,0,1,Agropecuaria,Media,73.62,1,1065.7
E1254,2025,1,1,Agropecuaria,Media,73.62,1,1345.7
E1255,2022,0,1,Industria,Pequena,10.48,1,540.5
E1255,2025,1,1,Industria,Pequena,10.48,1,785.9
E1256,2022,0,1,Servicos,Pequena,12.34,1,811.0
E1256,2025,1,1,Servicos,Pequena,12.34,1,1333.6
E1257,2022,0,1,Agropecuaria,Media,37.07,1,803.6
E1257,2025,1,1,Agropecuaria,Media,37.07,1,1150.0
E1258,2022,0,0,Agropecuaria,Pequena,9.56,0,746.8
E1258,2025,1,0,Agropecuaria,Pequena,9.56,0,875.7
E1259,2022,0,0,Industria,Media,22.07,1,687.5
E1259,2025,1,0,Industria,Media,22.07,1,826.6
E1260,2022,0,0,Agropecuaria,Micro,0.93,0,184.0
E1260,2025,1,0,Agropecuaria,Micro,0.93,0,275.4
E1261,2022,0,1,Industria,Media,16.44,1,836.2
E1261,2025,1,1,Industria,Media,16.44,1,1057.6
E1262,2022,0,0,Agropecuaria,Micro,1.62,0,371.1
E1262,2025,1,0,Agropecuaria,Micro,1.62,0,584.9
E1263,2022,0,0,Industria,Micro,0.69,0,243.2
E1263,2025,1,0,Industria,Micro,0.69,0,195.8
E1264,2022,0,0,Agroindustria,Pequena,5.23,0,736.5
E1264,2025,1,0,Agroindustria,Pequena,5.23,0,946.3
E1265,2022,0,0,Industria,Media,68.89,0,1074.5
E1265,2025,1,0,Industria,Media,68.89,0,1197.4
E1266,2022,0,1,Industria,Pequena,10.61,0,847.9
E1266,2025,1,1,Industria,Pequena,10.61,0,1343.3
E1267,2022,0,0,Servicos,Micro,1.15,0,503.0
E1267,2025,1,0,Servicos,Micro,1.15,0,535.5
E1268,2022,0,1,Agropecuaria,Pequena,15.56,1,668.8
E1268,2025,1,1,Agropecuaria,Pequena,15.56,1,958.0
E1269,2022,0,0,Industria,Pequena,4.82,0,652.6
E1269,2025,1,0,Industria,Pequena,4.82,0,896.2
E1270,2022,0,0,Comercio,Pequena,6.97,0,560.4
E1270,2025,1,0,Comercio,Pequena,6.97,0,656.4
E1271,2022,0,1,Servicos,Pequena,12.61,1,879.2
E1271,2025,1,1,Servicos,Pequena,12.61,1,1083.4
E1272,2022,0,0,Agropecuaria,Micro,2.09,0,334.1
E1272,2025,1,0,Agropecuaria,Micro,2.09,0,555.6
E1273,2022,0,0,Agroindustria,Micro,1.37,0,392.9
E1273,2025,1,0,Agroindustria,Micro,1.37,0,540.8
E1274,2022,0,0,Industria,Pequena,10.31,0,798.8
E1274,2025,1,0,Industria,Pequena,10.31,0,832.9
E1275,2022,0,0,Comercio,Pequena,5.75,0,394.0
E1275,2025,1,0,Comercio,Pequena,5.75,0,728.3
E1276,2022,0,0,Agropecuaria,Media,35.59,0,885.8
E1276,2025,1,0,Agropecuaria,Media,35.59,0,959.4
E1277,2022,0,0,Servicos,Micro,1.3,0,375.9
E1277,2025,1,0,Servicos,Micro,1.3,0,584.1
E1278,2022,0,0,Agropecuaria,Pequena,9.68,0,381.2
E1278,2025,1,0,Agropecuaria,Pequena,9.68,0,523.3
E1279,2022,0,1,Agropecuaria,Media,33.39,1,997.2
E1279,2025,1,1,Agropecuaria,Media,33.39,1,1296.1
E1280,2022,0,1,Agroindustria,Pequena,11.57,0,672.8
E1280,2025,1,1,Agroindustria,Pequena,11.57,0,861.8
E1281,2022,0,1,Industria,Media,42.93,0,869.9
E1281,2025,1,1,Industria,Media,42.93,0,1054.6
E1282,2022,0,1,Servicos,Pequena,11.06,1,610.9
E1282,2025,1,1,Servicos,Pequena,11.06,1,1055.9
E1283,2022,0,0,Agropecuaria,Micro,4.62,0,525.4
E1283,2025,1,0,Agropecuaria,Micro,4.62,0,330.3
E1284,2022,0,0,Comercio,Pequena,12.53,0,476.3
E1284,2025,1,0,Comercio,Pequena,12.53,0,736.1
E1285,2022,0,1,Servicos,Media,30.4,1,831.0
E1285,2025,1,1,Servicos,Media,30.4,1,1155.1
E1286,2022,0,1,Agroindustria,Media,72.74,1,824.8
E1286,2025,1,1,Agroindustria,Media,72.74,1,1334.2
E1287,2022,0,0,Agroindustria,Micro,3.97,0,380.8
E1287,2025,1,0,Agroindustria,Micro,3.97,0,572.1
E1288,2022,0,0,Servicos,Micro,0.42,0,463.3
E1288,2025,1,0,Servicos,Micro,0.42,0,464.2
E1289,2022,0,0,Agroindustria,Pequena,5.32,0,584.4
E1289,2025,1,0,Agroindustria,Pequena,5.32,0,638.7
E1290,2022,0,0,Agropecuaria,Micro,2.57,0,513.3
E1290,2025,1,0,Agropecuaria,Micro,2.57,0,607.4
E1291,2022,0,0,Agropecuaria,Micro,3.34,0,436.0
E1291,2025,1,0,Agropecuaria,Micro,3.34,0,394.1
E1292,2022,0,0,Servicos,Pequena,13.49,0,362.0
E1292,2025,1,0,Servicos,Pequena,13.49,0,515.2
E1293,2022,0,0,Industria,Pequena,14.67,0,663.7
E1293,2025,1,0,Industria,Pequena,14.67,0,660.1
E1294,2022,0,0,Agropecuaria,Pequena,10.37,0,443.3
E1294,2025,1,0,Agropecuaria,Pequena,10.37,0,748.6
E1295,2022,0,0,Comercio,Media,55.49,0,833.2
E1295,2025,1,0,Comercio,Media,55.49,0,868.2
E1296,2022,0,0,Servicos,Micro,0.61,0,20.0
E1296,2025,1,0,Servicos,Micro,0.61,0,126.1
E1297,2022,0,0,Agropecuaria,Pequena,11.43,0,394.8
E1297,2025,1,0,Agropecuaria,Pequena,11.43,0,790.7
E1298,2022,0,1,Industria,Media,37.81,1,1150.5
E1298,2025,1,1,Industria,Media,37.81,1,1300.8
E1299,2022,0,0,Agroindustria,Micro,1.19,0,203.8
E1299,2025,1,0,Agroindustria,Micro,1.19,0,323.9
E1300,2022,0,0,Servicos,Micro,2.3,0,153.2
E1300,2025,1,0,Servicos,Micro,2.3,0,333.4
E1301,2022,0,0,Agroindustria,Micro,1.7,0,534.3
E1301,2025,1,0,Agroindustria,Micro,1.7,0,559.1
E1302,2022,0,0,Comercio,Pequena,11.65,1,656.8
E1302,2025,1,0,Comercio,Pequena,11.65,1,865.0
E1303,2022,0,1,Servicos,Pequena,12.88,0,595.7
E1303,2025,1,1,Servicos,Pequena,12.88,0,925.9
E1304,2022,0,0,Servicos,Micro,1.22,0,491.1
E1304,2025,1,0,Servicos,Micro,1.22,0,756.3
E1305,2022,0,0,Comercio,Pequena,6.76,0,677.6
E1305,2025,1,0,Comercio,Pequena,6.76,0,910.7
E1306,2022,0,0,Agroindustria,Micro,1.34,0,343.7
E1306,2025,1,0,Agroindustria,Micro,1.34,0,517.9
E1307,2022,0,1,Industria,Pequena,10.71,1,422.0
E1307,2025,1,1,Industria,Pequena,10.71,1,582.4
E1308,2022,0,1,Comercio,Media,65.99,1,1185.1
E1308,2025,1,1,Comercio,Media,65.99,1,1500.8
E1309,2022,0,0,Agropecuaria,Pequena,12.23,0,635.6
E1309,2025,1,0,Agropecuaria,Pequena,12.23,0,980.0
E1310,2022,0,0,Agropecuaria,Pequena,11.78,0,592.6
E1310,2025,1,0,Agropecuaria,Pequena,11.78,0,598.2
E1311,2022,0,0,Comercio,Micro,0.6,0,565.2
E1311,2025,1,0,Comercio,Micro,0.6,0,694.2
E1312,2022,0,1,Comercio,Media,37.13,1,842.0
E1312,2025,1,1,Comercio,Media,37.13,1,1145.0
E1313,2022,0,0,Comercio,Pequena,5.91,0,690.8
E1313,2025,1,0,Comercio,Pequena,5.91,0,773.7
E1314,2022,0,1,Comercio,Media,45.1,1,761.0
E1314,2025,1,1,Comercio,Media,45.1,1,1065.2
E1315,2022,0,1,Servicos,Micro,3.31,1,276.3
E1315,2025,1,1,Servicos,Micro,3.31,1,501.3
E1316,2022,0,0,Agropecuaria,Pequena,11.33,0,530.5
E1316,2025,1,0,Agropecuaria,Pequena,11.33,0,760.8
E1317,2022,0,0,Agropecuaria,Pequena,5.06,0,514.1
E1317,2025,1,0,Agropecuaria,Pequena,5.06,0,440.5
E1318,2022,0,0,Industria,Pequena,9.5,0,770.0
E1318,2025,1,0,Industria,Pequena,9.5,0,978.9
E1319,2022,0,1,Agropecuaria,Media,49.25,1,609.4
E1319,2025,1,1,Agropecuaria,Media,49.25,1,1001.0
E1320,2022,0,1,Agroindustria,Pequena,9.49,0,512.1
E1320,2025,1,1,Agroindustria,Pequena,9.49,0,766.6
E1321,2022,0,1,Servicos,Micro,3.62,0,759.3
E1321,2025,1,1,Servicos,Micro,3.62,0,1008.6
E1322,2022,0,1,Servicos,Pequena,9.92,1,911.0
E1322,2025,1,1,Servicos,Pequena,9.92,1,1352.5
E1323,2022,0,0,Agroindustria,Media,69.45,1,343.6
E1323,2025,1,0,Agroindustria,Media,69.45,1,556.1
E1324,2022,0,0,Servicos,Pequena,15.92,0,604.3
E1324,2025,1,0,Servicos,Pequena,15.92,0,519.9
E1325,2022,0,0,Comercio,Micro,4.33,0,289.7
E1325,2025,1,0,Comercio,Micro,4.33,0,437.2
E1326,2022,0,0,Agropecuaria,Micro,1.7,0,448.5
E1326,2025,1,0,Agropecuaria,Micro,1.7,0,646.6
E1327,2022,0,1,Agropecuaria,Micro,0.6,0,572.8
E1327,2025,1,1,Agropecuaria,Micro,0.6,0,805.1
E1328,2022,0,1,Industria,Pequena,9.47,1,462.2
E1328,2025,1,1,Industria,Pequena,9.47,1,744.0
E1329,2022,0,1,Servicos,Media,33.39,1,923.0
E1329,2025,1,1,Servicos,Media,33.39,1,1277.8
E1330,2022,0,0,Industria,Media,26.17,0,1154.5
E1330,2025,1,0,Industria,Media,26.17,0,1420.4
E1331,2022,0,1,Comercio,Micro,4.23,1,330.9
E1331,2025,1,1,Comercio,Micro,4.23,1,712.5
E1332,2022,0,1,Industria,Media,42.21,0,840.8
E1332,2025,1,1,Industria,Media,42.21,0,1281.0
E1333,2022,0,1,Agropecuaria,Pequena,11.53,1,622.8
E1333,2025,1,1,Agropecuaria,Pequena,11.53,1,952.7
E1334,2022,0,0,Agroindustria,Media,26.12,1,811.0
E1334,2025,1,0,Agroindustria,Media,26.12,1,980.7
E1335,2022,0,1,Agropecuaria,Media,75.87,1,998.3
E1335,2025,1,1,Agropecuaria,Media,75.87,1,1388.7
E1336,2022,0,0,Servicos,Micro,0.74,0,610.0
E1336,2025,1,0,Servicos,Micro,0.74,0,699.4
E1337,2022,0,0,Industria,Pequena,8.62,0,707.3
E1337,2025,1,0,Industria,Pequena,8.62,0,863.1
E1338,2022,0,0,Agroindustria,Pequena,10.98,0,356.5
E1338,2025,1,0,Agroindustria,Pequena,10.98,0,434.4
E1339,2022,0,0,Servicos,Media,42.27,0,922.5
E1339,2025,1,0,Servicos,Media,42.27,0,1164.2
E1340,2022,0,0,Servicos,Pequena,11.24,0,782.7
E1340,2025,1,0,Servicos,Pequena,11.24,0,1031.3
E1341,2022,0,1,Industria,Media,19.81,0,1561.1
E1341,2025,1,1,Industria,Media,19.81,0,1900.3
E1342,2022,0,0,Agroindustria,Pequena,15.48,0,806.1
E1342,2025,1,0,Agroindustria,Pequena,15.48,0,1168.3
E1343,2022,0,0,Comercio,Micro,1.49,0,431.9
E1343,2025,1,0,Comercio,Micro,1.49,0,514.4
E1344,2022,0,1,Agroindustria,Pequena,14.92,1,839.8
E1344,2025,1,1,Agroindustria,Pequena,14.92,1,1114.4
E1345,2022,0,1,Agroindustria,Media,47.09,1,919.9
E1345,2025,1,1,Agroindustria,Media,47.09,1,1016.2
E1346,2022,0,0,Agroindustria,Micro,2.32,0,597.1
E1346,2025,1,0,Agroindustria,Micro,2.32,0,843.0
E1347,2022,0,1,Agroindustria,Pequena,13.31,1,723.5
E1347,2025,1,1,Agroindustria,Pequena,13.31,1,815.2
E1348,2022,0,0,Industria,Pequena,10.36,0,646.1
E1348,2025,1,0,Industria,Pequena,10.36,0,839.1
E1349,2022,0,1,Servicos,Pequena,9.2,1,424.4
E1349,2025,1,1,Servicos,Pequena,9.2,1,656.6
E1350,2022,0,0,Industria,Pequena,9.64,0,442.2
E1350,2025,1,0,Industria,Pequena,9.64,0,817.7
E1351,2022,0,1,Industria,Media,32.76,1,685.5
E1351,2025,1,1,Industria,Media,32.76,1,1084.9
E1352,2022,0,1,Servicos,Media,43.58,1,637.0
E1352,2025,1,1,Servicos,Media,43.58,1,705.9
E1353,2022,0,0,Comercio,Micro,2.81,0,655.5
E1353,2025,1,0,Comercio,Micro,2.81,0,882.4
E1354,2022,0,0,Agropecuaria,Pequena,8.23,0,748.0
E1354,2025,1,0,Agropecuaria,Pequena,8.23,0,862.6
E1355,2022,0,0,Agropecuaria,Micro,4.75,0,159.5
E1355,2025,1,0,Agropecuaria,Micro,4.75,0,372.2
E1356,2022,0,1,Industria,Pequena,7.94,0,600.3
E1356,2025,1,1,Industria,Pequena,7.94,0,903.4
E1357,2022,0,1,Agropecuaria,Media,78.87,1,680.6
E1357,2025,1,1,Agropecuaria,Media,78.87,1,992.1
E1358,2022,0,1,Agropecuaria,Pequena,8.3,1,696.0
E1358,2025,1,1,Agropecuaria,Pequena,8.3,1,1083.1
E1359,2022,0,0,Comercio,Pequena,13.19,0,557.1
E1359,2025,1,0,Comercio,Pequena,13.19,0,694.6
E1360,2022,0,0,Agroindustria,Pequena,4.92,0,731.4
E1360,2025,1,0,Agroindustria,Pequena,4.92,0,971.0
E1361,2022,0,0,Agroindustria,Pequena,5.19,0,579.8
E1361,2025,1,0,Agroindustria,Pequena,5.19,0,710.2
E1362,2022,0,0,Agroindustria,Micro,4.57,0,76.0
E1362,2025,1,0,Agroindustria,Micro,4.57,0,246.0
E1363,2022,0,0,Industria,Media,57.15,1,782.0
E1363,2025,1,0,Industria,Media,57.15,1,954.8
E1364,2022,0,1,Agroindustria,Media,44.11,1,1202.1
E1364,2025,1,1,Agroindustria,Media,44.11,1,1544.7
E1365,2022,0,0,Servicos,Pequena,6.95,0,515.3
E1365,2025,1,0,Servicos,Pequena,6.95,0,735.4
E1366,2022,0,0,Servicos,Pequena,14.77,0,280.4
E1366,2025,1,0,Servicos,Pequena,14.77,0,466.6
E1367,2022,0,1,Comercio,Media,59.3,1,612.6
E1367,2025,1,1,Comercio,Media,59.3,1,781.8
E1368,2022,0,1,Agroindustria,Media,61.89,1,709.4
E1368,2025,1,1,Agroindustria,Media,61.89,1,1116.5
E1369,2022,0,1,Comercio,Media,80.27,1,852.5
E1369,2025,1,1,Comercio,Media,80.27,1,1223.4
E1370,2022,0,0,Industria,Pequena,15.74,0,502.8
E1370,2025,1,0,Industria,Pequena,15.74,0,643.9
E1371,2022,0,0,Agroindustria,Pequena,10.47,0,1056.6
E1371,2025,1,0,Agroindustria,Pequena,10.47,0,1393.7
E1372,2022,0,0,Servicos,Micro,3.55,0,544.1
E1372,2025,1,0,Servicos,Micro,3.55,0,665.8
E1373,2022,0,1,Industria,Pequena,8.58,0,864.2
E1373,2025,1,1,Industria,Pequena,8.58,0,1152.3
E1374,2022,0,1,Industria,Media,34.62,1,727.2
E1374,2025,1,1,Industria,Media,34.62,1,1019.4
E1375,2022,0,0,Comercio,Micro,0.84,0,210.3
E1375,2025,1,0,Comercio,Micro,0.84,0,127.4
E1376,2022,0,0,Comercio,Pequena,12.82,0,804.7
E1376,2025,1,0,Comercio,Pequena,12.82,0,1080.7
E1377,2022,0,0,Servicos,Micro,2.48,0,644.5
E1377,2025,1,0,Servicos,Micro,2.48,0,808.8
E1378,2022,0,0,Industria,Pequena,6.87,1,373.5
E1378,2025,1,0,Industria,Pequena,6.87,1,559.8
E1379,2022,0,0,Comercio,Micro,0.57,0,187.3
E1379,2025,1,0,Comercio,Micro,0.57,0,478.4
E1380,2022,0,1,Servicos,Media,37.24,0,709.4
E1380,2025,1,1,Servicos,Media,37.24,0,1066.1
E1381,2022,0,0,Comercio,Pequena,10.76,0,726.5
E1381,2025,1,0,Comercio,Pequena,10.76,0,1024.5
E1382,2022,0,1,Comercio,Media,71.1,1,966.4
E1382,2025,1,1,Comercio,Media,71.1,1,1557.2
E1383,2022,0,0,Agroindustria,Micro,1.07,0,606.7
E1383,2025,1,0,Agroindustria,Micro,1.07,0,944.2
E1384,2022,0,0,Agroindustria,Pequena,11.22,0,223.3
E1384,2025,1,0,Agroindustria,Pequena,11.22,0,371.3
E1385,2022,0,1,Comercio,Pequena,15.03,0,479.0
E1385,2025,1,1,Comercio,Pequena,15.03,0,809.8
E1386,2022,0,0,Comercio,Media,31.85,0,743.1
E1386,2025,1,0,Comercio,Media,31.85,0,827.3
E1387,2022,0,0,Industria,Micro,1.19,0,490.9
E1387,2025,1,0,Industria,Micro,1.19,0,768.0
E1388,2022,0,1,Comercio,Media,55.08,0,1114.4
E1388,2025,1,1,Comercio,Media,55.08,0,1499.6
E1389,2022,0,0,Servicos,Pequena,15.73,1,534.2
E1389,2025,1,0,Servicos,Pequena,15.73,1,823.8
E1390,2022,0,1,Servicos,Media,60.26,1,1296.5
E1390,2025,1,1,Servicos,Media,60.26,1,1675.9
E1391,2022,0,1,Industria,Pequena,7.06,1,692.6
E1391,2025,1,1,Industria,Pequena,7.06,1,1111.4
E1392,2022,0,1,Agroindustria,Media,51.2,1,538.4
E1392,2025,1,1,Agroindustria,Media,51.2,1,738.4
E1393,2022,0,0,Agroindustria,Pequena,11.48,0,587.3
E1393,2025,1,0,Agroindustria,Pequena,11.48,0,923.1
E1394,2022,0,1,Agropecuaria,Media,42.74,1,880.9
E1394,2025,1,1,Agropecuaria,Media,42.74,1,878.5
E1395,2022,0,0,Agroindustria,Pequena,12.84,1,523.9
E1395,2025,1,0,Agroindustria,Pequena,12.84,1,773.7
E1396,2022,0,0,Comercio,Micro,2.9,0,209.9
E1396,2025,1,0,Comercio,Micro,2.9,0,382.9
E1397,2022,0,0,Agroindustria,Pequena,13.08,0,635.4
E1397,2025,1,0,Agroindustria,Pequena,13.08,0,1181.4
E1398,2022,0,0,Industria,Media,45.9,0,1202.2
E1398,2025,1,0,Industria,Media,45.9,0,1036.9
E1399,2022,0,1,Servicos,Media,48.72,1,1023.4
E1399,2025,1,1,Servicos,Media,48.72,1,1461.6
E1400,2022,0,0,Industria,Micro,0.4,0,513.6
E1400,2025,1,0,Industria,Micro,0.4,0,728.1
E1401,2022,0,0,Industria,Pequena,9.39,0,671.7
E1401,2025,1,0,Industria,Pequena,9.39,0,734.6
E1402,2022,0,0,Servicos,Pequena,8.63,1,657.4
E1402,2025,1,0,Servicos,Pequena,8.63,1,844.0
E1403,2022,0,0,Servicos,Media,83.87,1,911.9
E1403,2025,1,0,Servicos,Media,83.87,1,967.9
E1404,2022,0,0,Comercio,Micro,3.78,0,359.4
E1404,2025,1,0,Comercio,Micro,3.78,0,583.3
E1405,2022,0,0,Agropecuaria,Pequena,15.19,0,935.2
E1405,2025,1,0,Agropecuaria,Pequena,15.19,0,1125.2
E1406,2022,0,1,Agroindustria,Pequena,15.29,1,788.7
E1406,2025,1,1,Agroindustria,Pequena,15.29,1,1083.9
E1407,2022,0,1,Agropecuaria,Media,29.39,1,940.5
E1407,2025,1,1,Agropecuaria,Media,29.39,1,1257.8
E1408,2022,0,1,Agroindustria,Media,68.8,1,670.6
E1408,2025,1,1,Agroindustria,Media,68.8,1,1149.3
E1409,2022,0,0,Servicos,Pequena,10.81,0,574.8
E1409,2025,1,0,Servicos,Pequena,10.81,0,791.8
E1410,2022,0,0,Industria,Micro,2.28,0,395.0
E1410,2025,1,0,Industria,Micro,2.28,0,512.9
E1411,2022,0,1,Servicos,Media,60.9,0,994.0
E1411,2025,1,1,Servicos,Media,60.9,0,1166.6
E1412,2022,0,0,Servicos,Pequena,10.66,0,571.6
E1412,2025,1,0,Servicos,Pequena,10.66,0,897.2
E1413,2022,0,1,Servicos,Media,60.54,1,893.3
E1413,2025,1,1,Servicos,Media,60.54,1,1210.7
E1414,2022,0,0,Agropecuaria,Media,86.47,1,802.0
E1414,2025,1,0,Agropecuaria,Media,86.47,1,1227.0
E1415,2022,0,0,Industria,Pequena,10.9,0,289.3
E1415,2025,1,0,Industria,Pequena,10.9,0,763.1
E1416,2022,0,1,Agroindustria,Pequena,10.62,0,515.6
E1416,2025,1,1,Agroindustria,Pequena,10.62,0,844.5
E1417,2022,0,0,Agropecuaria,Media,85.34,0,892.2
E1417,2025,1,0,Agropecuaria,Media,85.34,0,983.2
E1418,2022,0,0,Agropecuaria,Pequena,15.74,0,633.2
E1418,2025,1,0,Agropecuaria,Pequena,15.74,0,954.6
E1419,2022,0,1,Agropecuaria,Media,24.78,1,1040.6
E1419,2025,1,1,Agropecuaria,Media,24.78,1,1394.6
E1420,2022,0,1,Agroindustria,Pequena,11.66,1,743.8
E1420,2025,1,1,Agroindustria,Pequena,11.66,1,872.5
E1421,2022,0,0,Industria,Micro,2.09,0,348.1
E1421,2025,1,0,Industria,Micro,2.09,0,450.7
E1422,2022,0,1,Comercio,Media,59.77,1,1130.4
E1422,2025,1,1,Comercio,Media,59.77,1,1625.0
E1423,2022,0,0,Servicos,Micro,2.34,0,381.6
E1423,2025,1,0,Servicos,Micro,2.34,0,378.4
E1424,2022,0,0,Industria,Micro,4.46,0,207.5
E1424,2025,1,0,Industria,Micro,4.46,0,240.8
E1425,2022,0,1,Industria,Media,25.28,0,1051.2
E1425,2025,1,1,Industria,Media,25.28,0,1380.9
E1426,2022,0,0,Industria,Micro,3.71,0,343.8
E1426,2025,1,0,Industria,Micro,3.71,0,421.0
E1427,2022,0,1,Agropecuaria,Media,80.44,1,819.6
E1427,2025,1,1,Agropecuaria,Media,80.44,1,1343.1
E1428,2022,0,0,Industria,Pequena,5.91,0,590.5
E1428,2025,1,0,Industria,Pequena,5.91,0,677.6
E1429,2022,0,0,Agroindustria,Micro,2.4,0,487.0
E1429,2025,1,0,Agroindustria,Micro,2.4,0,616.1
E1430,2022,0,0,Agropecuaria,Pequena,8.63,0,718.6
E1430,2025,1,0,Agropecuaria,Pequena,8.63,0,807.2
E1431,2022,0,0,Servicos,Micro,2.68,0,521.2
E1431,2025,1,0,Servicos,Micro,2.68,0,868.3
E1432,2022,0,1,Industria,Media,40.12,1,1127.2
E1432,2025,1,1,Industria,Media,40.12,1,1284.1
E1433,2022,0,1,Comercio,Media,62.1,1,643.2
E1433,2025,1,1,Comercio,Media,62.1,1,1060.5
E1434,2022,0,0,Comercio,Pequena,11.59,1,449.5
E1434,2025,1,0,Comercio,Pequena,11.59,1,457.7
E1435,2022,0,1,Agroindustria,Media,62.63,1,981.7
E1435,2025,1,1,Agroindustria,Media,62.63,1,1266.5
E1436,2022,0,0,Servicos,Pequena,13.25,0,432.8
E1436,2025,1,0,Servicos,Pequena,13.25,0,500.9
E1437,2022,0,0,Agropecuaria,Pequena,7.2,0,430.3
E1437,2025,1,0,Agropecuaria,Pequena,7.2,0,816.2
E1438,2022,0,0,Industria,Micro,1.98,0,318.7
E1438,2025,1,0,Industria,Micro,1.98,0,519.4
E1439,2022,0,0,Comercio,Micro,4.79,0,636.2
E1439,2025,1,0,Comercio,Micro,4.79,0,921.3
E1440,2022,0,1,Agroindustria,Media,52.25,1,884.2
E1440,2025,1,1,Agroindustria,Media,52.25,1,1143.5
E1441,2022,0,0,Comercio,Micro,3.01,0,539.4
E1441,2025,1,0,Comercio,Micro,3.01,0,511.7
E1442,2022,0,1,Agroindustria,Pequena,8.29,0,995.2
E1442,2025,1,1,Agroindustria,Pequena,8.29,0,1474.7
E1443,2022,0,0,Agropecuaria,Pequena,9.46,0,1009.9
E1443,2025,1,0,Agropecuaria,Pequena,9.46,0,1079.4
E1444,2022,0,1,Servicos,Pequena,5.87,0,594.2
E1444,2025,1,1,Servicos,Pequena,5.87,0,1031.5
E1445,2022,0,0,Comercio,Pequena,7.73,0,584.5
E1445,2025,1,0,Comercio,Pequena,7.73,0,823.6
E1446,2022,0,0,Agropecuaria,Media,45.26,1,793.2
E1446,2025,1,0,Agropecuaria,Media,45.26,1,1138.7
E1447,2022,0,1,Agroindustria,Media,45.94,1,812.3
E1447,2025,1,1,Agroindustria,Media,45.94,1,1143.9
E1448,2022,0,1,Comercio,Media,84.76,1,946.8
E1448,2025,1,1,Comercio,Media,84.76,1,1174.7
E1449,2022,0,1,Servicos,Pequena,15.61,0,356.2
E1449,2025,1,1,Servicos,Pequena,15.61,0,840.6
E1450,2022,0,0,Servicos,Pequena,4.93,1,810.2
E1450,2025,1,0,Servicos,Pequena,4.93,1,915.5
E1451,2022,0,0,Agropecuaria,Pequena,14.63,0,384.1
E1451,2025,1,0,Agropecuaria,Pequena,14.63,0,572.3
E1452,2022,0,1,Agropecuaria,Media,18.05,1,829.4
E1452,2025,1,1,Agropecuaria,Media,18.05,1,901.4
E1453,2022,0,0,Agroindustria,Media,42.49,0,819.0
E1453,2025,1,0,Agroindustria,Media,42.49,0,923.0
E1454,2022,0,0,Servicos,Micro,2.56,0,263.5
E1454,2025,1,0,Servicos,Micro,2.56,0,530.9
E1455,2022,0,1,Servicos,Media,35.34,1,1128.7
E1455,2025,1,1,Servicos,Media,35.34,1,1648.7
E1456,2022,0,1,Agroindustria,Media,44.52,1,786.6
E1456,2025,1,1,Agroindustria,Media,44.52,1,1239.4
E1457,2022,0,0,Agroindustria,Media,60.56,0,1037.9
E1457,2025,1,0,Agroindustria,Media,60.56,0,1150.7
E1458,2022,0,0,Servicos,Micro,3.91,1,97.6
E1458,2025,1,0,Servicos,Micro,3.91,1,425.6
E1459,2022,0,1,Agropecuaria,Media,59.17,1,1297.7
E1459,2025,1,1,Agropecuaria,Media,59.17,1,1722.9
E1460,2022,0,0,Agropecuaria,Pequena,10.23,0,934.9
E1460,2025,1,0,Agropecuaria,Pequena,10.23,0,1324.7
E1461,2022,0,0,Industria,Media,37.6,0,848.8
E1461,2025,1,0,Industria,Media,37.6,0,1070.6
E1462,2022,0,0,Comercio,Pequena,13.55,0,529.9
E1462,2025,1,0,Comercio,Pequena,13.55,0,740.1
E1463,2022,0,0,Agroindustria,Pequena,6.85,1,555.5
E1463,2025,1,0,Agroindustria,Pequena,6.85,1,738.5
E1464,2022,0,1,Comercio,Media,63.56,1,1143.0
E1464,2025,1,1,Comercio,Media,63.56,1,1541.0
E1465,2022,0,0,Agropecuaria,Micro,3.86,0,423.3
E1465,2025,1,0,Agropecuaria,Micro,3.86,0,584.2
E1466,2022,0,0,Servicos,Pequena,15.63,0,769.5
E1466,2025,1,0,Servicos,Pequena,15.63,0,806.3
E1467,2022,0,1,Agropecuaria,Pequena,13.97,0,870.1
E1467,2025,1,1,Agropecuaria,Pequena,13.97,0,1184.3
E1468,2022,0,0,Servicos,Pequena,7.24,0,482.7
E1468,2025,1,0,Servicos,Pequena,7.24,0,639.8
E1469,2022,0,0,Agropecuaria,Micro,1.88,0,506.8
E1469,2025,1,0,Agropecuaria,Micro,1.88,0,751.4
E1470,2022,0,0,Servicos,Media,33.79,0,947.7
E1470,2025,1,0,Servicos,Media,33.79,0,977.8
E1471,2022,0,0,Agropecuaria,Pequena,10.74,0,823.1
E1471,2025,1,0,Agropecuaria,Pequena,10.74,0,1042.6
E1472,2022,0,0,Agroindustria,Media,79.39,0,745.0
E1472,2025,1,0,Agroindustria,Media,79.39,0,989.0
E1473,2022,0,0,Agroindustria,Micro,0.88,0,489.1
E1473,2025,1,0,Agroindustria,Micro,0.88,0,685.2
E1474,2022,0,1,Agropecuaria,Media,58.29,1,1130.0
E1474,2025,1,1,Agropecuaria,Media,58.29,1,1374.8
E1475,2022,0,0,Agropecuaria,Micro,1.23,0,472.2
E1475,2025,1,0,Agropecuaria,Micro,1.23,0,689.0
E1476,2022,0,0,Agropecuaria,Micro,0.98,0,424.3
E1476,2025,1,0,Agropecuaria,Micro,0.98,0,390.7
E1477,2022,0,0,Industria,Micro,4.42,0,569.9
E1477,2025,1,0,Industria,Micro,4.42,0,949.0
E1478,2022,0,0,Servicos,Pequena,12.2,0,836.9
E1478,2025,1,0,Servicos,Pequena,12.2,0,936.3
E1479,2022,0,1,Servicos,Pequena,14.64,1,328.5
E1479,2025,1,1,Servicos,Pequena,14.64,1,790.0
E1480,2022,0,0,Comercio,Micro,4.67,0,429.7
E1480,2025,1,0,Comercio,Micro,4.67,0,637.3
E1481,2022,0,1,Servicos,Pequena,15.72,0,597.2
E1481,2025,1,1,Servicos,Pequena,15.72,0,740.6
E1482,2022,0,1,Agroindustria,Pequena,7.19,0,652.7
E1482,2025,1,1,Agroindustria,Pequena,7.19,0,799.4
E1483,2022,0,0,Agroindustria,Micro,3.02,0,424.8
E1483,2025,1,0,Agroindustria,Micro,3.02,0,510.9
E1484,2022,0,1,Servicos,Media,31.81,1,845.3
E1484,2025,1,1,Servicos,Media,31.81,1,1077.7
E1485,2022,0,1,Comercio,Media,74.17,1,681.2
E1485,2025,1,1,Comercio,Media,74.17,1,802.7
E1486,2022,0,1,Agropecuaria,Pequena,9.39,1,645.8
E1486,2025,1,1,Agropecuaria,Pequena,9.39,1,945.4
E1487,2022,0,0,Servicos,Pequena,12.91,1,367.3
E1487,2025,1,0,Servicos,Pequena,12.91,1,353.4
E1488,2022,0,0,Agropecuaria,Pequena,8.37,0,464.0
E1488,2025,1,0,Agropecuaria,Pequena,8.37,0,611.9
E1489,2022,0,0,Servicos,Pequena,12.19,0,791.9
E1489,2025,1,0,Servicos,Pequena,12.19,0,1046.0
E1490,2022,0,0,Industria,Micro,1.08,0,323.4
E1490,2025,1,0,Industria,Micro,1.08,0,417.2
E1491,2022,0,0,Servicos,Pequena,5.92,0,695.4
E1491,2025,1,0,Servicos,Pequena,5.92,0,904.8
E1492,2022,0,0,Comercio,Micro,2.95,0,197.6
E1492,2025,1,0,Comercio,Micro,2.95,0,354.2
E1493,2022,0,0,Agropecuaria,Micro,4.3,0,349.8
E1493,2025,1,0,Agropecuaria,Micro,4.3,0,552.3
E1494,2022,0,0,Agropecuaria,Pequena,5.96,0,799.9
E1494,2025,1,0,Agropecuaria,Pequena,5.96,0,922.6
E1495,2022,0,0,Comercio,Pequena,15.67,0,586.4
E1495,2025,1,0,Comercio,Pequena,15.67,0,778.0
E1496,2022,0,0,Industria,Micro,4.19,0,362.1
E1496,2025,1,0,Industria,Micro,4.19,0,369.2
E1497,2022,0,0,Agroindustria,Pequena,9.21,0,201.9
E1497,2025,1,0,Agroindustria,Pequena,9.21,0,365.1
E1498,2022,0,1,Agroindustria,Pequena,14.91,1,397.6
E1498,2025,1,1,Agroindustria,Pequena,14.91,1,718.2
E1499,2022,0,0,Servicos,Media,25.47,1,581.0
E1499,2025,1,0,Servicos,Media,25.47,1,760.6
E1500,2022,0,0,Agropecuaria,Pequena,14.29,0,643.7
E1500,2025,1,0,Agropecuaria,Pequena,14.29,0,784.4
